,precision,recall,f1-score,support,modelo,tempo
0,0.9943074003795066,0.7915407854984894,0.881412952060555,662.0,ale_1_1,890.5429136753082
1,0.827930174563591,0.9955022488755623,0.9040163376446562,667.0,ale_1_1,890.5429136753082
accuracy,0.8939051918735892,0.8939051918735892,0.8939051918735892,0.8939051918735892,ale_1_1,890.5429136753082
macro avg,0.9111187874715487,0.8935215171870259,0.8927146448526055,1329.0,ale_1_1,890.5429136753082
weighted avg,0.9108058130061313,0.8939051918735892,0.8927571643890694,1329.0,ale_1_1,890.5429136753082
