,precision,recall,f1-score,support,modelo,tempo
0,0.7833655705996132,0.6230769230769231,0.6940874035989718,650.0,hn_1_1,900.2695732116699
1,0.6982758620689655,0.8350515463917526,0.7605633802816901,679.0,hn_1_1,900.2695732116699
accuracy,0.7313769751693002,0.7313769751693002,0.7313769751693002,0.7313769751693002,hn_1_1,900.2695732116699
macro avg,0.7408207163342894,0.7290642347343379,0.727325391940331,1329.0,hn_1_1,900.2695732116699
weighted avg,0.7398923485587481,0.7313769751693002,0.7280506753578625,1329.0,hn_1_1,900.2695732116699
