,precision,recall,f1-score,support,modelo,tempo
0,0.9726996966632963,0.5796926785176257,0.7264489333585047,3319.0,hn_5_1,2655.919296979904
1,0.3056246888999502,0.9191616766467066,0.4587224505042957,668.0,hn_5_1,2655.919296979904
accuracy,0.636568848758465,0.636568848758465,0.636568848758465,0.636568848758465,hn_5_1,2655.919296979904
macro avg,0.6391621927816232,0.7494271775821661,0.5925856919314002,3987.0,hn_5_1,2655.919296979904
weighted avg,0.8609349348910578,0.636568848758465,0.6815928283806738,3987.0,hn_5_1,2655.919296979904
