,precision,recall,f1-score,support,modelo
0,1.0,0.8090909090909091,0.8944723618090452,440.0,ale_5_1
1,0.5333333333333333,1.0,0.6956521739130436,96.0,ale_5_1
accuracy,0.8432835820895522,0.8432835820895522,0.8432835820895522,0.8432835820895522,ale_5_1
macro avg,0.7666666666666666,0.9045454545454545,0.7950622678610444,536.0,ale_5_1
weighted avg,0.9164179104477612,0.8432835820895522,0.858862775917224,536.0,ale_5_1
