,precision,recall,f1-score,support,modelo
0,0.954954954954955,0.4711111111111111,0.6309523809523809,450.0,hn_5_1
1,0.24203821656050956,0.8837209302325582,0.38000000000000006,86.0,hn_5_1
accuracy,0.5373134328358209,0.5373134328358209,0.5373134328358209,0.5373134328358209,hn_5_1
macro avg,0.5984965857577322,0.6774160206718346,0.5054761904761905,536.0,hn_5_1
weighted avg,0.8405690603618163,0.5373134328358209,0.5906876332622601,536.0,hn_5_1
