,precision,recall,f1-score,support,modelo
0,1.0,0.8522727272727273,0.9202453987730062,440.0,ale_5_1
1,0.5962732919254659,1.0,0.7470817120622568,96.0,ale_5_1
accuracy,0.878731343283582,0.878731343283582,0.878731343283582,0.878731343283582,ale_5_1
macro avg,0.7981366459627329,0.9261363636363636,0.8336635554176315,536.0,ale_5_1
weighted avg,0.9276907388523222,0.878731343283582,0.8892310071233198,536.0,ale_5_1
