,precision,recall,f1-score,support,modelo
0,0.9488372093023256,0.4533333333333333,0.6135338345864662,450.0,hn_5_1
1,0.2336448598130841,0.872093023255814,0.36855036855036855,86.0,hn_5_1
accuracy,0.5205223880597015,0.5205223880597015,0.5205223880597015,0.5205223880597015,hn_5_1
macro avg,0.5912410345577048,0.6627131782945737,0.4910421015684173,536.0,hn_5_1
weighted avg,0.8340861980036786,0.5205223880597015,0.5742267859314206,536.0,hn_5_1
