,precision,recall,f1-score,support,modelo,tempo
0,0.9823529411764705,0.25226586102719034,0.4014423076923077,662.0,ale_1_1,6.7939982414245605
1,0.5729076790336497,0.9955022488755623,0.7272727272727273,667.0,ale_1_1,6.7939982414245605
accuracy,0.6252821670428894,0.6252821670428894,0.6252821670428894,0.6252821670428894,ale_1_1,6.7939982414245605
macro avg,0.7776303101050601,0.6238840549513763,0.5643575174825175,1329.0,ale_1_1,6.7939982414245605
weighted avg,0.7768600970461008,0.6252821670428894,0.5649704415223603,1329.0,ale_1_1,6.7939982414245605
