,precision,recall,f1-score,support,modelo,tempo
0,0.9968837644125896,0.9688067837674137,0.9826447550299493,3302.0,ale_5_1,3010.3565306663513
1,0.8676092544987146,0.9854014598540146,0.9227614490772386,685.0,ale_5_1,3010.3565306663513
accuracy,0.9716578881364435,0.9716578881364435,0.9716578881364435,0.9716578881364435,ale_5_1,3010.3565306663513
macro avg,0.9322465094556521,0.9771041218107142,0.9527031020535939,3987.0,ale_5_1,3010.3565306663513
weighted avg,0.9746733206476023,0.9716578881364435,0.9723563014112869,3987.0,ale_5_1,3010.3565306663513
