,precision,recall,f1-score,support,modelo,tempo
0,1.0,0.8685800604229608,0.9296685529506872,662.0,ale_1_1,1017.8204982280731
1,0.8846153846153846,1.0,0.9387755102040816,667.0,ale_1_1,1017.8204982280731
accuracy,0.9345372460496614,0.9345372460496614,0.9345372460496614,0.9345372460496614,ale_1_1,1017.8204982280731
macro avg,0.9423076923076923,0.9342900302114804,0.9342220315773844,1329.0,ale_1_1,1017.8204982280731
weighted avg,0.9420906407362388,0.9345372460496614,0.9342391627987037,1329.0,ale_1_1,1017.8204982280731
