,precision,recall,f1-score,support,modelo,tempo
0,0.8866995073891626,0.5538461538461539,0.6818181818181819,650.0,hn_1_1,1037.7518389225006
1,0.685807150595883,0.9322533136966127,0.7902621722846441,679.0,hn_1_1,1037.7518389225006
accuracy,0.7471783295711061,0.7471783295711061,0.7471783295711061,0.7471783295711061,hn_1_1,1037.7518389225006
macro avg,0.7862533289925229,0.7430497337713833,0.736040177051413,1329.0,hn_1_1,1037.7518389225006
weighted avg,0.7840615011719791,0.7471783295711061,0.7372233507622962,1329.0,hn_1_1,1037.7518389225006
