,precision,recall,f1-score,support,modelo,tempo
0,1.0,0.5891238670694864,0.7414448669201521,662.0,ale_1_1,1017.8204982280731
1,0.7103301384451545,1.0,0.8306351183063513,667.0,ale_1_1,1017.8204982280731
accuracy,0.7953348382242288,0.7953348382242288,0.7953348382242288,0.7953348382242288,ale_1_1,1017.8204982280731
macro avg,0.8551650692225772,0.7945619335347431,0.7860399926132517,1329.0,ale_1_1,1017.8204982280731
weighted avg,0.8546201673009165,0.7953348382242288,0.7862077696098397,1329.0,ale_1_1,1017.8204982280731
