,precision,recall,f1-score,support,modelo,tempo
0,0.9774117647058823,0.6257909008737571,0.763041880969875,3319.0,hn_5_1,3045.30695772171
1,0.33297529538131043,0.9281437125748503,0.49011857707509876,668.0,hn_5_1,3045.30695772171
accuracy,0.6764484574868322,0.6764484574868322,0.6764484574868322,0.6764484574868322,hn_5_1,3045.30695772171
macro avg,0.6551935300435964,0.7769673067243037,0.6265802290224869,3987.0,hn_5_1,3045.30695772171
weighted avg,0.8694399659828288,0.6764484574868322,0.7173150771068928,3987.0,hn_5_1,3045.30695772171
