,precision,recall,f1-score,support,modelo,tempo
0,1.0,0.35766202301635375,0.526879321882668,3302.0,ale_5_1,3010.3565306663513
1,0.24411974340698503,1.0,0.39243769693497565,685.0,ale_5_1,3010.3565306663513
accuracy,0.4680210684725357,0.4680210684725357,0.4680210684725357,0.4680210684725357,ale_5_1,3010.3565306663513
macro avg,0.6220598717034925,0.6788310115081768,0.4596585094088218,3987.0,ale_5_1,3010.3565306663513
weighted avg,0.8701334397375934,0.4680210684725357,0.5037811244687805,3987.0,ale_5_1,3010.3565306663513
