,precision,recall,f1-score,support,modelo,tempo
0,1.0,0.756797583081571,0.8615649183147034,662.0,ale_1_1,890.5429136753082
1,0.8055555555555556,1.0,0.8923076923076924,667.0,ale_1_1,890.5429136753082
accuracy,0.8788562829194884,0.8788562829194884,0.8788562829194884,0.8788562829194884,ale_1_1,890.5429136753082
macro avg,0.9027777777777778,0.8783987915407855,0.8769363053111978,1329.0,ale_1_1,890.5429136753082
weighted avg,0.9024120056851435,0.8788562829194884,0.8769941359620501,1329.0,ale_1_1,890.5429136753082
