,precision,recall,f1-score,support,modelo,tempo
0,0.918918918918919,0.41846153846153844,0.5750528541226215,650.0,hn_1_1,900.2695732116699
1,0.6340755082284608,0.9646539027982327,0.7651869158878505,679.0,hn_1_1,900.2695732116699
accuracy,0.6975169300225733,0.6975169300225733,0.6975169300225733,0.6975169300225733,hn_1_1,900.2695732116699
macro avg,0.7764972135736898,0.6915577206298855,0.670119885005236,1329.0,hn_1_1,900.2695732116699
weighted avg,0.773389441222289,0.6975169300225733,0.6721943348890552,1329.0,hn_1_1,900.2695732116699
