,precision,recall,f1-score,support,modelo,tempo
0,0.9686706181202371,0.6893642663452847,0.8054919908466818,3319.0,hn_5_1,2655.919296979904
1,0.36553846153846153,0.8892215568862275,0.518098560837331,668.0,hn_5_1,2655.919296979904
accuracy,0.7228492600953098,0.7228492600953098,0.7228492600953098,0.7228492600953098,hn_5_1,2655.919296979904
macro avg,0.6671045398293494,0.7892929116157561,0.6617952758420064,3987.0,hn_5_1,2655.919296979904
weighted avg,0.8676191306367593,0.7228492600953098,0.7573407966539939,3987.0,hn_5_1,2655.919296979904
