,precision,recall,f1-score,support,modelo,tempo
0,0.75,0.03073214823742091,0.059044862518089734,3319.0,hn_5_1,11.831008911132812
1,0.16463256297065698,0.9491017964071856,0.2805930515600797,668.0,hn_5_1,11.831008911132812
accuracy,0.18459994983697015,0.18459994983697015,0.18459994983697015,0.18459994983697015,hn_5_1,11.831008911132812
macro avg,0.4573162814853285,0.48991697232230325,0.1698189570390847,3987.0,hn_5_1,11.831008911132812
weighted avg,0.651924893921344,0.18459994983697015,0.09616404743909533,3987.0,hn_5_1,11.831008911132812
