,precision,recall,f1-score,support,modelo,tempo
0,1.0,0.06948640483383686,0.12994350282485878,662.0,ale_1_1,1017.8204982280731
1,0.5198752922837101,1.0,0.6841025641025642,667.0,ale_1_1,1017.8204982280731
accuracy,0.5364936042136945,0.5364936042136945,0.5364936042136945,0.5364936042136945,ale_1_1,1017.8204982280731
macro avg,0.759937646141855,0.5347432024169184,0.4070230334637115,1329.0,ale_1_1,1017.8204982280731
weighted avg,0.7590344770152254,0.5364936042136945,0.4080654696211187,1329.0,ale_1_1,1017.8204982280731
