,precision,recall,f1-score,support,modelo,tempo
0,1.0,0.043076923076923075,0.08259587020648967,650.0,hn_1_1,1037.7518389225006
1,0.5219062259800153,1.0,0.6858585858585858,679.0,hn_1_1,1037.7518389225006
accuracy,0.5319789315274642,0.5319789315274642,0.5319789315274642,0.5319789315274642,hn_1_1,1037.7518389225006
macro avg,0.7609531129900077,0.5215384615384615,0.3842272280325377,1329.0,hn_1_1,1037.7518389225006
weighted avg,0.7557368904743645,0.5319789315274642,0.39080910115289547,1329.0,hn_1_1,1037.7518389225006
