,precision,recall,f1-score,support,modelo,tempo
0,0.9952153110047847,0.18800843627598673,0.31626964014191583,3319.0,hn_5_1,3045.30695772171
1,0.19791666666666666,0.9955089820359282,0.330188679245283,668.0,hn_5_1,3045.30695772171
accuracy,0.3233007273639328,0.3233007273639328,0.3233007273639328,0.3233007273639328,hn_5_1,3045.30695772171
macro avg,0.5965659888357256,0.5917587091559575,0.32322915969359944,3987.0,hn_5_1,3045.30695772171
weighted avg,0.8616322925904725,0.3233007273639328,0.31860169886302175,3987.0,hn_5_1,3045.30695772171
