,precision,recall,f1-score,support,modelo
0,0.8235294117647058,0.15730337078651685,0.2641509433962264,89.0,hn_1_1
1,0.5370370370370371,0.9666666666666667,0.6904761904761905,90.0,hn_1_1
accuracy,0.5642458100558659,0.5642458100558659,0.5642458100558659,0.5642458100558659,hn_1_1
macro avg,0.6802832244008714,0.5619850187265918,0.4773135669362084,179.0,hn_1_1
weighted avg,0.6794829663709059,0.5642458100558659,0.4785044195816832,179.0,hn_1_1
