,precision,recall,f1-score,support,modelo,tempo
0,0.943202416918429,0.9454875832828589,0.9443436176648518,3302.0,ale_5_1,14.238997459411621
1,0.7341211225997046,0.7255474452554744,0.7298091042584436,685.0,ale_5_1,14.238997459411621
accuracy,0.9077000250815149,0.9077000250815149,0.9077000250815149,0.9077000250815149,ale_5_1,14.238997459411621
macro avg,0.8386617697590668,0.8355175142691667,0.8370763609616476,3987.0,ale_5_1,14.238997459411621
weighted avg,0.9072804990332205,0.9077000250815149,0.9074847910575305,3987.0,ale_5_1,14.238997459411621
