,precision,recall,f1-score,support,modelo
0,0.9971509971509972,0.7954545454545454,0.8849557522123893,440.0,ale_5_1
1,0.5135135135135135,0.9895833333333334,0.6761565836298932,96.0,ale_5_1
accuracy,0.8302238805970149,0.8302238805970149,0.8302238805970149,0.8302238805970149,ale_5_1
macro avg,0.7553322553322553,0.8925189393939394,0.7805561679211412,536.0,ale_5_1
weighted avg,0.9105293582905523,0.8302238805970149,0.847558886197614,536.0,ale_5_1
