,precision,recall,f1-score,support,modelo
0,0.8888888888888888,0.1038961038961039,0.18604651162790697,77.0,hn_1_1
1,0.5660377358490566,0.989010989010989,0.7200000000000001,91.0,hn_1_1
accuracy,0.5833333333333334,0.5833333333333334,0.5833333333333334,0.5833333333333334,hn_1_1
macro avg,0.7274633123689727,0.5464535464535465,0.45302325581395353,168.0,hn_1_1
weighted avg,0.714011180992313,0.5833333333333334,0.4752713178294574,168.0,hn_1_1
