,precision,recall,f1-score,support,modelo
0,0.9727272727272728,0.5257985257985258,0.682615629984051,407.0,hn_5_1
1,0.3204225352112676,0.9381443298969072,0.4776902887139108,97.0,hn_5_1
accuracy,0.6051587301587301,0.6051587301587301,0.6051587301587301,0.6051587301587301,hn_5_1
macro avg,0.6465749039692702,0.7319714278477165,0.5801529593489809,504.0,hn_5_1
weighted avg,0.8471844958640733,0.6051587301587301,0.643175633747536,504.0,hn_5_1
