,precision,recall,f1-score,support,modelo,tempo
0,0.7292993630573248,0.7046153846153846,0.7167449139280125,650.0,hn_1_1,897.1855988502502
1,0.7261055634807418,0.7496318114874816,0.7376811594202899,679.0,hn_1_1,897.1855988502502
accuracy,0.7276147479307751,0.7276147479307751,0.7276147479307751,0.7276147479307751,hn_1_1,897.1855988502502
macro avg,0.7277024632690333,0.7271235980514331,0.7272130366741512,1329.0,hn_1_1,897.1855988502502
weighted avg,0.7276676174497252,0.7276147479307751,0.7274414607220354,1329.0,hn_1_1,897.1855988502502
