,precision,recall,f1-score,support,modelo
0,0.8467966573816156,1.0,0.9170437405731523,608.0,hn_5_1
1,0.0,0.0,0.0,110.0,hn_5_1
accuracy,0.8467966573816156,0.8467966573816156,0.8467966573816156,0.8467966573816156,hn_5_1
macro avg,0.4233983286908078,0.5,0.45852187028657615,718.0,hn_5_1
weighted avg,0.7170645789526772,0.8467966573816156,0.7765495741900788,718.0,hn_5_1
