,precision,recall,f1-score,support,modelo,tempo
0,1.0,0.37734706238643245,0.5479331574318382,3302.0,ale_5_1,3010.3565306663513
1,0.24990879241152864,1.0,0.39988324576765905,685.0,ale_5_1,3010.3565306663513
accuracy,0.48432405317281163,0.48432405317281163,0.48432405317281163,0.48432405317281163,ale_5_1,3010.3565306663513
macro avg,0.6249543962057643,0.6886735311932162,0.47390820159974867,3987.0,ale_5_1,3010.3565306663513
weighted avg,0.8711280468527457,0.48432405317281163,0.5224969423603653,3987.0,ale_5_1,3010.3565306663513
