,precision,recall,f1-score,support,modelo
0,1.0,0.20967741935483872,0.3466666666666667,124.0,ale_1_1
1,0.539906103286385,1.0,0.701219512195122,115.0,ale_1_1
accuracy,0.5899581589958159,0.5899581589958159,0.5899581589958159,0.5899581589958159,ale_1_1
macro avg,0.7699530516431925,0.6048387096774194,0.5239430894308943,239.0,ale_1_1
weighted avg,0.7786159074390555,0.5899581589958159,0.517267408238936,239.0,ale_1_1
