,precision,recall,f1-score,support,modelo
0,1.0,0.717741935483871,0.835680751173709,124.0,ale_1_1
1,0.7666666666666667,1.0,0.8679245283018869,115.0,ale_1_1
accuracy,0.8535564853556485,0.8535564853556485,0.8535564853556485,0.8535564853556485,ale_1_1
macro avg,0.8833333333333333,0.8588709677419355,0.851802639737798,239.0,ale_1_1
weighted avg,0.887726638772664,0.8535564853556485,0.851195539331619,239.0,ale_1_1
