,precision,recall,f1-score,support,modelo,tempo
0,0.8608786610878661,0.9969715324046032,0.9239404995790065,3302.0,ale_5_1,0.5869998931884766
1,0.9386503067484663,0.22335766423357664,0.36084905660377353,685.0,ale_5_1,0.5869998931884766
accuracy,0.8640581891146225,0.8640581891146225,0.8640581891146225,0.8640581891146225,ale_5_1,0.5869998931884766
macro avg,0.8997644839181662,0.61016459831909,0.64239477809139,3987.0,ale_5_1,0.5869998931884766
weighted avg,0.8742404813230081,0.8640581891146225,0.8271966725315938,3987.0,ale_5_1,0.5869998931884766
