,precision,recall,f1-score,support,modelo,tempo
0,0.5637296834901625,0.9954682779456193,0.7198252321135992,662.0,ale_1_1,0.15600109100341797
1,0.98125,0.2353823088455772,0.37968561064087053,667.0,ale_1_1,0.15600109100341797
accuracy,0.6139954853273137,0.6139954853273137,0.6139954853273137,0.6139954853273137,ale_1_1,0.15600109100341797
macro avg,0.7724898417450812,0.6154252933955983,0.5497554213772349,1329.0,ale_1_1,0.15600109100341797
weighted avg,0.7732752448987867,0.6139954853273137,0.5491155801028317,1329.0,ale_1_1,0.15600109100341797
