,precision,recall,f1-score,support,modelo,tempo
0,0.36014851485148514,0.44769230769230767,0.39917695473251025,650.0,hn_1_1,0.12901592254638672
1,0.31094049904030713,0.23858615611192932,0.27,679.0,hn_1_1,0.12901592254638672
accuracy,0.34085778781038373,0.34085778781038373,0.34085778781038373,0.34085778781038373,hn_1_1,0.12901592254638672
macro avg,0.3355445069458961,0.3431392319021185,0.33458847736625513,1329.0,hn_1_1,0.12901592254638672
weighted avg,0.3350076249073242,0.34085778781038373,0.33317909749897046,1329.0,hn_1_1,0.12901592254638672
