,precision,recall,f1-score,support,modelo,tempo
0,0.8224734042553191,0.7454052425429346,0.7820452030978347,3319.0,hn_5_1,0.43900299072265625
1,0.13687436159346272,0.20059880239520958,0.16272009714632663,668.0,hn_5_1,0.43900299072265625
accuracy,0.654125909204916,0.654125909204916,0.654125909204916,0.654125909204916,hn_5_1,0.43900299072265625
macro avg,0.47967388292439095,0.4730020224690721,0.47238265012208064,3987.0,hn_5_1,0.43900299072265625
weighted avg,0.7076050419533075,0.654125909204916,0.678280675689857,3987.0,hn_5_1,0.43900299072265625
