,precision,recall,f1-score,support,modelo
0,1.0,0.5897435897435898,0.7419354838709677,78.0,ale_1_1
1,0.7593984962406015,1.0,0.8632478632478633,101.0,ale_1_1
accuracy,0.8212290502793296,0.8212290502793296,0.8212290502793296,0.8212290502793296,ale_1_1
macro avg,0.8796992481203008,0.7948717948717949,0.8025916735594155,179.0,ale_1_1
weighted avg,0.8642416096106187,0.8212290502793296,0.8103854856422886,179.0,ale_1_1
