,precision,recall,f1-score,support,modelo,tempo
0,0.7333333333333333,0.0033142512805061767,0.0065986802639472104,3319.0,hn_5_1,11.831008911132812
1,0.16717019133937563,0.9940119760479041,0.28620689655172415,668.0,hn_5_1,11.831008911132812
accuracy,0.16930022573363432,0.16930022573363432,0.16930022573363432,0.16930022573363432,hn_5_1,11.831008911132812
macro avg,0.45025176233635444,0.4986631136642052,0.1464027884078357,3987.0,hn_5_1,11.831008911132812
weighted avg,0.6384758016423466,0.16930022573363432,0.053445504562977815,3987.0,hn_5_1,11.831008911132812
