,precision,recall,f1-score,support,modelo,tempo
0,1.0,0.6646525679758308,0.7985480943738658,662.0,ale_1_1,887.6965968608856
1,0.750281214848144,1.0,0.8573264781491003,667.0,ale_1_1,887.6965968608856
accuracy,0.8329571106094809,0.8329571106094809,0.8329571106094809,0.8329571106094809,ale_1_1,887.6965968608856
macro avg,0.875140607424072,0.8323262839879154,0.8279372862614831,1329.0,ale_1_1,887.6965968608856
weighted avg,0.8746708580163373,0.8329571106094809,0.8280478550797209,1329.0,ale_1_1,887.6965968608856
