,precision,recall,f1-score,support,modelo,tempo
0,0.9992512167727443,0.8082980012113871,0.8936882638540097,3302.0,ale_5_1,2633.7356560230255
1,0.5189969604863222,0.997080291970803,0.6826586706646676,685.0,ale_5_1,2633.7356560230255
accuracy,0.8407323802357662,0.8407323802357662,0.8407323802357662,0.8407323802357662,ale_5_1,2633.7356560230255
macro avg,0.7591240886295332,0.902689146591095,0.7881734672593386,3987.0,ale_5_1,2633.7356560230255
weighted avg,0.9167395123443021,0.8407323802357662,0.8574316119014891,3987.0,ale_5_1,2633.7356560230255
