,precision,recall,f1-score,support,modelo,tempo
0,0.9568345323741008,0.20461538461538462,0.33713561470215464,650.0,hn_1_1,897.1855988502502
1,0.565546218487395,0.9911634756995582,0.720171214553237,679.0,hn_1_1,897.1855988502502
accuracy,0.6064710308502633,0.6064710308502633,0.6064710308502633,0.6064710308502633,hn_1_1,897.1855988502502
macro avg,0.7611903754307479,0.5978894301574714,0.5286534146276958,1329.0,hn_1_1,897.1855988502502
weighted avg,0.7569212403281466,0.6064710308502633,0.5328325088322411,1329.0,hn_1_1,897.1855988502502
