,precision,recall,f1-score,support,modelo
0,0.8666666666666667,0.12745098039215685,0.2222222222222222,102.0,hn_1_1
1,0.5082872928176796,0.9787234042553191,0.6690909090909092,94.0,hn_1_1
accuracy,0.5357142857142857,0.5357142857142857,0.5357142857142857,0.5357142857142857,hn_1_1
macro avg,0.6874769797421731,0.5530871923237379,0.4456565656565657,196.0,hn_1_1
weighted avg,0.6947908445146014,0.5357142857142857,0.43653679653679656,196.0,hn_1_1
