,precision,recall,f1-score,support,modelo,tempo
0,0.9952320406865861,0.9482132041187159,0.9711538461538461,3302.0,ale_5_1,2642.476496219635
1,0.7966706302021404,0.9781021897810219,0.8781127129750983,685.0,ale_5_1,2642.476496219635
accuracy,0.9533483822422875,0.9533483822422875,0.9533483822422875,0.9533483822422875,ale_5_1,2642.476496219635
macro avg,0.8959513354443632,0.963157696949869,0.9246332795644723,3987.0,ale_5_1,2642.476496219635
weighted avg,0.9611175269715508,0.9533483822422875,0.9551686000471388,3987.0,ale_5_1,2642.476496219635
