,precision,recall,f1-score,support,modelo
0,1.0,0.0898876404494382,0.16494845360824742,89.0,hn_1_1
1,0.5263157894736842,1.0,0.6896551724137931,90.0,hn_1_1
accuracy,0.547486033519553,0.547486033519553,0.547486033519553,0.547486033519553,hn_1_1
macro avg,0.763157894736842,0.5449438202247191,0.42730181301102027,179.0,hn_1_1
weighted avg,0.7618347544839752,0.547486033519553,0.4287674742367341,179.0,hn_1_1
