,precision,recall,f1-score,support,modelo
0,1.0,0.6538461538461539,0.7906976744186047,78.0,ale_1_1
1,0.7890625,1.0,0.8820960698689956,101.0,ale_1_1
accuracy,0.8491620111731844,0.8491620111731844,0.8491620111731844,0.8491620111731844,ale_1_1
macro avg,0.89453125,0.8269230769230769,0.8363968721438002,179.0,ale_1_1
weighted avg,0.8809793994413407,0.8491620111731844,0.842268836097317,179.0,ale_1_1
