,precision,recall,f1-score,support,modelo
0,0.928030303030303,0.5444444444444444,0.6862745098039215,450.0,hn_5_1
1,0.24632352941176472,0.7790697674418605,0.3743016759776536,86.0,hn_5_1
accuracy,0.582089552238806,0.582089552238806,0.582089552238806,0.582089552238806,hn_5_1
macro avg,0.5871769162210339,0.6617571059431524,0.5302880928907876,536.0,hn_5_1
weighted avg,0.8186519774124031,0.582089552238806,0.6362191670631396,536.0,hn_5_1
