,precision,recall,f1-score,support,modelo,tempo
0,1.0,0.0634441087613293,0.11931818181818181,662.0,ale_1_1,1017.8204982280731
1,0.5182595182595182,1.0,0.6827021494370522,667.0,ale_1_1,1017.8204982280731
accuracy,0.5334838224228743,0.5334838224228743,0.5334838224228743,0.5334838224228743,ale_1_1,1017.8204982280731
macro avg,0.7591297591297591,0.5317220543806647,0.401010165627617,1329.0,ale_1_1,1017.8204982280731
weighted avg,0.7582235505486069,0.5334838224228743,0.40206995488197905,1329.0,ale_1_1,1017.8204982280731
