,precision,recall,f1-score,support,modelo
0,0.9741379310344828,0.424812030075188,0.5916230366492147,266.0,hn_1_1
1,0.6450116009280742,0.9893238434163701,0.7808988764044944,281.0,hn_1_1
accuracy,0.7148080438756855,0.7148080438756855,0.7148080438756855,0.7148080438756855,hn_1_1
macro avg,0.8095747659812784,0.7070679367457791,0.6862609565268545,547.0,hn_1_1
weighted avg,0.8050620649286312,0.7148080438756855,0.6888561462858392,547.0,hn_1_1
