,precision,recall,f1-score,support,modelo
0,1.0,0.9512195121951219,0.975,82.0,ale_1_1
1,0.9555555555555556,1.0,0.9772727272727273,86.0,ale_1_1
accuracy,0.9761904761904762,0.9761904761904762,0.9761904761904762,0.9761904761904762,ale_1_1
macro avg,0.9777777777777779,0.975609756097561,0.9761363636363636,168.0,ale_1_1
weighted avg,0.9772486772486773,0.9761904761904762,0.9761634199134199,168.0,ale_1_1
