,precision,recall,f1-score,support,modelo
0,0.9904988123515439,0.9976076555023924,0.9940405244338499,418.0,ale_5_1
1,0.9879518072289156,0.9534883720930233,0.9704142011834319,86.0,ale_5_1
accuracy,0.9900793650793651,0.9900793650793651,0.9900793650793651,0.9900793650793651,ale_5_1
macro avg,0.9892253097902297,0.9755480137977078,0.9822273628086409,504.0,ale_5_1
weighted avg,0.9900642043345874,0.9900793650793651,0.9900090486411198,504.0,ale_5_1
