,precision,recall,f1-score,support,modelo
0,0.8075396825396826,1.0,0.893523600439078,407.0,hn_5_1
1,0.0,0.0,0.0,97.0,hn_5_1
accuracy,0.8075396825396826,0.8075396825396826,0.8075396825396826,0.8075396825396826,hn_5_1
macro avg,0.4037698412698413,0.5,0.446761800219539,504.0,hn_5_1
weighted avg,0.6521203388762913,0.8075396825396826,0.7215557646402871,504.0,hn_5_1
