,precision,recall,f1-score,support,modelo,tempo
0,0.9710572947430597,0.9957601453664445,0.9832535885167464,3302.0,ale_5_1,3010.3565306663513
1,0.9767054908485857,0.8569343065693431,0.9129082426127527,685.0,ale_5_1,3010.3565306663513
accuracy,0.9719087032856785,0.9719087032856785,0.9719087032856785,0.9719087032856785,ale_5_1,3010.3565306663513
macro avg,0.9738813927958228,0.9263472259678938,0.9480809155647496,3987.0,ale_5_1,3010.3565306663513
weighted avg,0.9720277021502043,0.9719087032856785,0.9711676687915807,3987.0,ale_5_1,3010.3565306663513
