,precision,recall,f1-score,support,modelo,tempo
0,0.8921161825726142,0.9716782163302199,0.9301990193250649,3319.0,hn_5_1,3045.30695772171
1,0.7473118279569892,0.4161676646706587,0.5346153846153846,668.0,hn_5_1,3045.30695772171
accuracy,0.8786054677702533,0.8786054677702533,0.8786054677702533,0.8786054677702533,hn_5_1,3045.30695772171
macro avg,0.8197140052648018,0.6939229405004392,0.7324072019702248,3987.0,hn_5_1,3045.30695772171
weighted avg,0.8678550065296651,0.8786054677702533,0.863921149250807,3987.0,hn_5_1,3045.30695772171
