,precision,recall,f1-score,support,modelo,tempo
0,0.9982810485603781,0.7035130224106602,0.8253686267543079,3302.0,ale_5_1,2642.476496219635
1,0.4102409638554217,0.9941605839416059,0.5808102345415779,685.0,ale_5_1,2642.476496219635
accuracy,0.7534487083019814,0.7534487083019814,0.7534487083019814,0.7534487083019814,ale_5_1,2642.476496219635
macro avg,0.7042610062078999,0.8488368031761331,0.7030894306479429,3987.0,ale_5_1,2642.476496219635
weighted avg,0.8972508358633892,0.7534487083019814,0.783351446251243,3987.0,ale_5_1,2642.476496219635
