,precision,recall,f1-score,support,modelo,tempo
0,0.8791208791208791,0.49230769230769234,0.631163708086785,650.0,hn_1_1,900.2695732116699
1,0.6580310880829016,0.93519882179676,0.7725060827250609,679.0,hn_1_1,900.2695732116699
accuracy,0.7185854025583145,0.7185854025583145,0.7185854025583145,0.7185854025583145,hn_1_1,900.2695732116699
macro avg,0.7685759836018904,0.7137532570522261,0.701834895405923,1329.0,hn_1_1,900.2695732116699
weighted avg,0.7661637925032819,0.7185854025583145,0.7033770055882067,1329.0,hn_1_1,900.2695732116699
