,precision,recall,f1-score,support,modelo,tempo
0,0.9783263094521373,0.48960530280204884,0.6526104417670683,3319.0,hn_5_1,2655.919296979904
1,0.2717110920034394,0.9461077844311377,0.4221776887107549,668.0,hn_5_1,2655.919296979904
accuracy,0.5660897918234261,0.5660897918234261,0.5660897918234261,0.5660897918234261,hn_5_1,2655.919296979904
macro avg,0.6250187007277883,0.7178565436165933,0.5373940652389115,3987.0,hn_5_1,2655.919296979904
weighted avg,0.8599368022397645,0.5660897918234261,0.6140026968356369,3987.0,hn_5_1,2655.919296979904
