,precision,recall,f1-score,support,modelo,tempo
0,0.9918759231905465,0.40672319806178076,0.5768900343642612,3302.0,ale_5_1,12.405998229980469
1,0.2559817698442841,0.983941605839416,0.40626883664858343,685.0,ale_5_1,12.405998229980469
accuracy,0.5058941560070228,0.5058941560070228,0.5058941560070228,0.5058941560070228,ale_5_1,12.405998229980469
macro avg,0.6239288465174153,0.6953324019505984,0.49157943550642236,3987.0,ale_5_1,12.405998229980469
weighted avg,0.8654431428940355,0.5058941560070228,0.5475758832643768,3987.0,ale_5_1,12.405998229980469
