,precision,recall,f1-score,support,modelo,tempo
0,0.9772727272727273,0.974320241691843,0.9757942511346446,662.0,ale_1_1,887.6965968608856
1,0.9745889387144993,0.9775112443778111,0.9760479041916168,667.0,ale_1_1,887.6965968608856
accuracy,0.9759217456734387,0.9759217456734387,0.9759217456734387,0.9759217456734387,ale_1_1,887.6965968608856
macro avg,0.9759308329936133,0.9759157430348271,0.9759210776631306,1329.0,ale_1_1,887.6965968608856
weighted avg,0.9759257844824052,0.9759217456734387,0.9759215548133507,1329.0,ale_1_1,887.6965968608856
