,precision,recall,f1-score,support,modelo,tempo
0,0.9900181488203267,0.9912174439733494,0.9906174334140435,3302.0,ale_5_1,2633.7356560230255
1,0.9574155653450808,0.9518248175182482,0.9546120058565153,685.0,ale_5_1,2633.7356560230255
accuracy,0.9844494607474291,0.9844494607474291,0.9844494607474291,0.9844494607474291,ale_5_1,2633.7356560230255
macro avg,0.9737168570827037,0.9715211307457988,0.9726147196352795,3987.0,ale_5_1,2633.7356560230255
weighted avg,0.9844167518600699,0.9844494607474291,0.9844313993340569,3987.0,ale_5_1,2633.7356560230255
