,precision,recall,f1-score,support,modelo,tempo
0,0.9966555183946488,0.9003021148036254,0.946031746031746,662.0,ale_1_1,887.6965968608856
1,0.9097127222982216,0.9970014992503748,0.9513590844062948,667.0,ale_1_1,887.6965968608856
accuracy,0.9488337095560572,0.9488337095560572,0.9488337095560572,0.9488337095560572,ale_1_1,887.6965968608856
macro avg,0.9531841203464353,0.9486518070270001,0.9486954152190203,1329.0,ale_1_1,887.6965968608856
weighted avg,0.9530205710686014,0.9488337095560572,0.9487054365477913,1329.0,ale_1_1,887.6965968608856
