,precision,recall,f1-score,support,modelo,tempo
0,0.9967564060979566,0.9306480920654149,0.9625685199686765,3302.0,ale_5_1,2633.7356560230255
1,0.7466814159292036,0.9854014598540146,0.8495909376966647,685.0,ale_5_1,2633.7356560230255
accuracy,0.9400551793328317,0.9400551793328317,0.9400551793328317,0.9400551793328317,ale_5_1,2633.7356560230255
macro avg,0.8717189110135801,0.9580247759597147,0.9060797288326706,3987.0,ale_5_1,2633.7356560230255
weighted avg,0.9537914278522591,0.9400551793328317,0.9431580248956071,3987.0,ale_5_1,2633.7356560230255
