,precision,recall,f1-score,support,modelo,tempo
0,0.9641374103435258,0.7695088882193432,0.8558981233243969,3319.0,hn_5_1,2648.959814786911
1,0.4282511210762332,0.8577844311377245,0.5712861415752741,668.0,hn_5_1,2648.959814786911
accuracy,0.7842989716578881,0.7842989716578881,0.7842989716578881,0.7842989716578881,hn_5_1,2648.959814786911
macro avg,0.6961942657098795,0.8136466596785339,0.7135921324498355,3987.0,hn_5_1,2648.959814786911
weighted avg,0.8743525994003225,0.7842989716578881,0.8082129455445087,3987.0,hn_5_1,2648.959814786911
