loss,accuracy,val_loss,val_accuracy
0.45465102791786194,0.8353555798530579,0.4574418365955353,0.8291547298431396
0.45315608382225037,0.8356627225875854,0.4577176868915558,0.8291547298431396
0.4521552622318268,0.8355091214179993,0.4574369788169861,0.8291547298431396
