,precision,recall,f1-score,support,modelo
0,0.9915966386554622,0.9516129032258065,0.9711934156378601,124.0,ale_1_1
1,0.95,0.991304347826087,0.9702127659574469,115.0,ale_1_1
accuracy,0.9707112970711297,0.9707112970711297,0.9707112970711297,0.9707112970711297,ale_1_1
macro avg,0.9707983193277311,0.9714586255259468,0.9707030907976535,239.0,ale_1_1
weighted avg,0.9715815196371436,0.9707112970711297,0.9707215549129752,239.0,ale_1_1
