,precision,recall,f1-score,support,modelo
0,0.9834437086092715,0.991652754590985,0.9875311720698254,599.0,ale_5_1
1,0.956140350877193,0.9159663865546218,0.9356223175965666,119.0,ale_5_1
accuracy,0.979108635097493,0.979108635097493,0.979108635097493,0.979108635097493,ale_5_1
macro avg,0.9697920297432323,0.9538095705728034,0.961576744833196,718.0,ale_5_1
weighted avg,0.9789185002943448,0.979108635097493,0.9789278939607476,718.0,ale_5_1
