,precision,recall,f1-score,support,modelo
0,0.5763888888888888,0.7155172413793104,0.6384615384615384,116.0,hn_1_1
1,0.6526315789473685,0.5040650406504065,0.5688073394495412,123.0,hn_1_1
accuracy,0.606694560669456,0.606694560669456,0.606694560669456,0.606694560669456,hn_1_1
macro avg,0.6145102339181286,0.6097911410148584,0.6036344389555398,239.0,hn_1_1
weighted avg,0.615626758667939,0.606694560669456,0.6026143983842344,239.0,hn_1_1
