,precision,recall,f1-score,support,modelo,tempo
0,1.0,0.6963746223564955,0.8210151380231523,662.0,ale_1_1,890.5429136753082
1,0.7684331797235023,1.0,0.869055374592834,667.0,ale_1_1,890.5429136753082
accuracy,0.8487584650112867,0.8487584650112867,0.8487584650112867,0.8487584650112867,ale_1_1,890.5429136753082
macro avg,0.8842165898617511,0.8481873111782477,0.8450352563079931,1329.0,ale_1_1,890.5429136753082
weighted avg,0.8837809863623597,0.8487584650112867,0.845125625451277,1329.0,ale_1_1,890.5429136753082
