,precision,recall,f1-score,support,modelo,tempo
0,1.0,0.43655589123867067,0.6077812828601472,662.0,ale_1_1,1017.8204982280731
1,0.6413461538461539,1.0,0.7814879906268307,667.0,ale_1_1,1017.8204982280731
accuracy,0.7193378480060195,0.7193378480060195,0.7193378480060195,0.7193378480060195,ale_1_1,1017.8204982280731
macro avg,0.820673076923077,0.7182779456193353,0.694634636743489,1329.0,ale_1_1,1017.8204982280731
weighted avg,0.819998408288476,0.7193378480060195,0.6949613987972261,1329.0,ale_1_1,1017.8204982280731
