,precision,recall,f1-score,support,modelo
0,1.0,0.8218773096821878,0.9022312373225153,1353.0,ale_5_1
1,0.5435606060606061,1.0,0.7042944785276074,287.0,ale_5_1
accuracy,0.8530487804878049,0.8530487804878049,0.8530487804878049,0.8530487804878049,ale_5_1
macro avg,0.771780303030303,0.9109386548410938,0.8032628579250614,1640.0,ale_5_1
weighted avg,0.9201231060606061,0.8530487804878049,0.8675923045334063,1640.0,ale_5_1
