,precision,recall,f1-score,support,modelo,tempo
0,1.0,0.08610271903323263,0.15855354659248957,662.0,ale_1_1,1017.8204982280731
1,0.52437106918239,1.0,0.6879834966477566,667.0,ale_1_1,1017.8204982280731
accuracy,0.54477050413845,0.54477050413845,0.54477050413845,0.54477050413845,ale_1_1,1017.8204982280731
macro avg,0.762185534591195,0.5430513595166163,0.4232685216201231,1329.0,ale_1_1,1017.8204982280731
weighted avg,0.7612908225317186,0.54477050413845,0.42426443950961756,1329.0,ale_1_1,1017.8204982280731
