,precision,recall,f1-score,support,modelo,tempo
0,1.0,0.39188370684433677,0.5630983463881636,3302.0,ale_5_1,3010.3565306663513
1,0.2543631637578908,1.0,0.40556542332741263,685.0,ale_5_1,3010.3565306663513
accuracy,0.4963631803360923,0.4963631803360923,0.4963631803360923,0.4963631803360923,ale_5_1,3010.3565306663513
macro avg,0.6271815818789455,0.6959418534221684,0.4843318848577881,3987.0,ale_5_1,3010.3565306663513
weighted avg,0.8718933451653261,0.4963631803360923,0.5360328705174301,3987.0,ale_5_1,3010.3565306663513
