,precision,recall,f1-score,support,modelo,tempo
0,1.0,0.04923076923076923,0.093841642228739,650.0,hn_1_1,1037.7518389225006
1,0.5235158057054742,1.0,0.687246963562753,679.0,hn_1_1,1037.7518389225006
accuracy,0.5349887133182845,0.5349887133182845,0.5349887133182845,0.5349887133182845,hn_1_1,1037.7518389225006
macro avg,0.761757902852737,0.5246153846153846,0.39054430289574604,1329.0,hn_1_1,1037.7518389225006
weighted avg,0.7565592415906824,0.5349887133182845,0.39701862731963106,1329.0,hn_1_1,1037.7518389225006
