,precision,recall,f1-score,support,modelo
0,1.0,0.7996661101836394,0.888682745825603,599.0,ale_5_1
1,0.497907949790795,1.0,0.664804469273743,119.0,ale_5_1
accuracy,0.8328690807799443,0.8328690807799443,0.8328690807799443,0.8328690807799443,ale_5_1
macro avg,0.7489539748953975,0.8998330550918197,0.776743607549673,718.0,ale_5_1
weighted avg,0.9167841866644911,0.8328690807799443,0.8515775718567014,718.0,ale_5_1
