,precision,recall,f1-score,support,modelo
0,0.9796610169491525,0.4753289473684211,0.6400885935769657,608.0,hn_5_1
1,0.2458628841607565,0.9454545454545454,0.39024390243902435,110.0,hn_5_1
accuracy,0.5473537604456824,0.5473537604456824,0.5473537604456824,0.5473537604456824,hn_5_1
macro avg,0.6127619505549545,0.7103917464114833,0.515166248007995,718.0,hn_5_1
weighted avg,0.8672406901988411,0.5473537604456824,0.6018115517591752,718.0,hn_5_1
