,precision,recall,f1-score,support,modelo
0,0.9961389961389961,0.5466101694915254,0.7058823529411764,472.0,hn_5_1
1,0.3515151515151515,0.9914529914529915,0.5190156599552572,117.0,hn_5_1
accuracy,0.634974533106961,0.634974533106961,0.634974533106961,0.634974533106961,hn_5_1
macro avg,0.6738270738270739,0.7690315804722585,0.6124490064482169,589.0,hn_5_1
weighted avg,0.8680897774276383,0.634974533106961,0.6687628230950771,589.0,hn_5_1
