,precision,recall,f1-score,support,modelo
0,0.992619926199262,0.5839363241678727,0.7353075170842824,1382.0,hn_5_1
1,0.3047158403869408,0.9767441860465116,0.4645161290322581,258.0,hn_5_1
accuracy,0.6457317073170732,0.6457317073170732,0.6457317073170732,0.6457317073170732,hn_5_1
macro avg,0.6486678832931014,0.7803402551071921,0.5999118230582703,1640.0,hn_5_1
weighted avg,0.8844008687970797,0.6457317073170732,0.692707408476098,1640.0,hn_5_1
