,precision,recall,f1-score,support,modelo
0,0.72,0.15517241379310345,0.25531914893617025,116.0,hn_1_1
1,0.5420560747663551,0.943089430894309,0.688427299703264,123.0,hn_1_1
accuracy,0.5606694560669456,0.5606694560669456,0.5606694560669456,0.5606694560669456,hn_1_1
macro avg,0.6310280373831776,0.5491309223437062,0.4718732243197171,239.0,hn_1_1
weighted avg,0.6284221640010949,0.5606694560669456,0.478215812301662,239.0,hn_1_1
