,precision,recall,f1-score,support,modelo,tempo
0,0.9996594005449592,0.88885523924894,0.9410067329272203,3302.0,ale_5_1,3010.3565306663513
1,0.6508087535680305,0.9985401459854014,0.7880184331797235,685.0,ale_5_1,3010.3565306663513
accuracy,0.9077000250815149,0.9077000250815149,0.9077000250815149,0.9077000250815149,ale_5_1,3010.3565306663513
macro avg,0.8252340770564948,0.9436976926171707,0.8645125830534719,3987.0,ale_5_1,3010.3565306663513
weighted avg,0.9397239369936183,0.9077000250815149,0.9147220614130404,3987.0,ale_5_1,3010.3565306663513
