,precision,recall,f1-score,support,modelo,tempo
0,0.9429824561403509,0.33076923076923076,0.48974943052391795,650.0,hn_1_1,1037.7518389225006
1,0.6049046321525886,0.9808541973490427,0.7483146067415731,679.0,hn_1_1,1037.7518389225006
accuracy,0.6629044394281415,0.6629044394281415,0.6629044394281415,0.6629044394281415,hn_1_1,1037.7518389225006
macro avg,0.7739435441464697,0.6558117140591367,0.6190320186327456,1329.0,hn_1_1,1037.7518389225006
weighted avg,0.7702549599118402,0.6629044394281415,0.6218530833845559,1329.0,hn_1_1,1037.7518389225006
