,precision,recall,f1-score,support,modelo,tempo
0,1.0,0.851963746223565,0.9200652528548124,662.0,ale_1_1,887.6965968608856
1,0.8718954248366013,1.0,0.9315642458100559,667.0,ale_1_1,887.6965968608856
accuracy,0.9262603461249059,0.9262603461249059,0.9262603461249059,0.9262603461249059,ale_1_1,887.6965968608856
macro avg,0.9359477124183007,0.9259818731117825,0.9258147493324342,1329.0,ale_1_1,887.6965968608856
weighted avg,0.9357067331572709,0.9262603461249059,0.9258363802446902,1329.0,ale_1_1,887.6965968608856
