,precision,recall,f1-score,support,modelo,tempo
0,0.9333333333333333,0.40923076923076923,0.5689839572192513,650.0,hn_1_1,897.1855988502502
1,0.632183908045977,0.9720176730486009,0.7661056297156121,679.0,hn_1_1,897.1855988502502
accuracy,0.6967644845748683,0.6967644845748683,0.6967644845748683,0.6967644845748683,hn_1_1,897.1855988502502
macro avg,0.7827586206896552,0.690624221139685,0.6675447934674317,1329.0,hn_1_1,897.1855988502502
weighted avg,0.7794729422346766,0.6967644845748683,0.6696954813915831,1329.0,hn_1_1,897.1855988502502
