,precision,recall,f1-score,support,modelo,tempo
0,1.0,0.6631419939577039,0.7974568574023615,662.0,ale_1_1,887.6965968608856
1,0.749438202247191,1.0,0.8567758509955042,667.0,ale_1_1,887.6965968608856
accuracy,0.8322046651617758,0.8322046651617758,0.8322046651617758,0.8322046651617758,ale_1_1,887.6965968608856
macro avg,0.8747191011235955,0.831570996978852,0.8271163541989328,1329.0,ale_1_1,887.6965968608856
weighted avg,0.8742477659133759,0.8322046651617758,0.8272279399656619,1329.0,ale_1_1,887.6965968608856
