,precision,recall,f1-score,support,modelo,tempo
0,0.9991922455573505,0.7492428831011508,0.8563516787815852,3302.0,ale_5_1,2633.7356560230255
1,0.45201853077432164,0.997080291970803,0.6220400728597449,685.0,ale_5_1,2633.7356560230255
accuracy,0.7918234261349385,0.7918234261349385,0.7918234261349385,0.7918234261349385,ale_5_1,2633.7356560230255
macro avg,0.7256053881658361,0.8731615875359768,0.7391958758206651,3987.0,ale_5_1,2633.7356560230255
weighted avg,0.9051832175597647,0.7918234261349385,0.8160949820029394,3987.0,ale_5_1,2633.7356560230255
