,precision,recall,f1-score,support,modelo
0,1.0,0.6565656565656566,0.7926829268292683,99.0,ale_1_1
1,0.7404580152671756,1.0,0.8508771929824561,97.0,ale_1_1
accuracy,0.826530612244898,0.826530612244898,0.826530612244898,0.826530612244898,ale_1_1
macro avg,0.8702290076335878,0.8282828282828283,0.8217800599058622,196.0,ale_1_1
weighted avg,0.871553201433245,0.826530612244898,0.8214831503846726,196.0,ale_1_1
