,precision,recall,f1-score,support,modelo
0,0.996551724137931,0.6122881355932204,0.7585301837270342,472.0,hn_5_1
1,0.3879598662207358,0.9914529914529915,0.5576923076923077,117.0,hn_5_1
accuracy,0.6876061120543294,0.6876061120543294,0.6876061120543294,0.6876061120543294,hn_5_1
macro avg,0.6922557951793334,0.8018705635231059,0.658111245709671,589.0,hn_5_1
weighted avg,0.875659962887826,0.6876061120543294,0.7186353934111378,589.0,hn_5_1
