,precision,recall,f1-score,support,modelo,tempo
0,0.8320754716981132,0.6784615384615384,0.7474576271186442,650.0,hn_1_1,897.1855988502502
1,0.7384230287859824,0.8689248895434463,0.7983761840324762,679.0,hn_1_1,897.1855988502502
accuracy,0.7757712565838977,0.7757712565838977,0.7757712565838977,0.7757712565838977,hn_1_1,897.1855988502502
macro avg,0.7852492502420478,0.7736932140024924,0.7729169055755603,1329.0,hn_1_1,897.1855988502502
weighted avg,0.7842274591041805,0.7757712565838977,0.7734724504026862,1329.0,hn_1_1,897.1855988502502
