,precision,recall,f1-score,support,modelo,tempo
0,0.9246776084407972,0.9505875263633624,0.9374535730203536,3319.0,hn_5_1,2648.959814786911
1,0.7147826086956521,0.6152694610778443,0.66130329847144,668.0,hn_5_1,2648.959814786911
accuracy,0.8944068221720592,0.8944068221720592,0.8944068221720592,0.8944068221720592,hn_5_1,2648.959814786911
macro avg,0.8197301085682247,0.7829284937206034,0.7993784357458968,3987.0,hn_5_1,2648.959814786911
weighted avg,0.8895108515233764,0.8944068221720592,0.8911861079090734,3987.0,hn_5_1,2648.959814786911
