,precision,recall,f1-score,support,modelo,tempo
0,0.9111791730474732,0.8987915407854985,0.9049429657794676,662.0,ale_1_1,0.15600109100341797
1,0.900887573964497,0.9130434782608695,0.9069247952345496,667.0,ale_1_1,0.15600109100341797
accuracy,0.9059443190368698,0.9059443190368698,0.9059443190368698,0.9059443190368698,ale_1_1,0.15600109100341797
macro avg,0.9060333735059851,0.905917509523184,0.9059338805070086,1329.0,ale_1_1,0.15600109100341797
weighted avg,0.9060140138387861,0.9059443190368698,0.9059376085533877,1329.0,ale_1_1,0.15600109100341797
