,precision,recall,f1-score,support,modelo,tempo
0,0.5661764705882353,0.023199758963543236,0.04457308248914617,3319.0,hn_5_1,0.43900299072265625
1,0.15814074266424305,0.9116766467065869,0.269528656782474,668.0,hn_5_1,0.43900299072265625
accuracy,0.17205919237521947,0.17205919237521947,0.17205919237521947,0.17205919237521947,hn_5_1,0.43900299072265625
macro avg,0.36215860662623917,0.46743820283506504,0.15705086963581008,3987.0,hn_5_1,0.43900299072265625
weighted avg,0.49781232053726293,0.17205919237521947,0.0822631561354825,3987.0,hn_5_1,0.43900299072265625
