,precision,recall,f1-score,support,modelo,tempo
0,0.9698340874811463,0.9712990936555891,0.970566037735849,662.0,ale_1_1,890.5429136753082
1,0.9714714714714715,0.9700149925037481,0.9707426856714179,667.0,ale_1_1,890.5429136753082
accuracy,0.9706546275395034,0.9706546275395034,0.9706546275395034,0.9706546275395034,ale_1_1,890.5429136753082
macro avg,0.9706527794763089,0.9706570430796686,0.9706543617036334,1329.0,ale_1_1,890.5429136753082
weighted avg,0.970655859581633,0.9706546275395034,0.9706546939984708,1329.0,ale_1_1,890.5429136753082
