,precision,recall,f1-score,support,modelo,tempo
0,0.9879007864488808,0.9890975166565718,0.9884987893462469,3302.0,ale_5_1,2642.476496219635
1,0.947136563876652,0.9416058394160584,0.9443631039531478,685.0,ale_5_1,2642.476496219635
accuracy,0.9809380486581389,0.9809380486581389,0.9809380486581389,0.9809380486581389,ale_5_1,2642.476496219635
macro avg,0.9675186751627665,0.965351678036315,0.9664309466496974,3987.0,ale_5_1,2642.476496219635
weighted avg,0.9808971515198672,0.9809380486581389,0.980915908861102,3987.0,ale_5_1,2642.476496219635
