,precision,recall,f1-score,support,modelo
0,0.9707317073170731,0.48894348894348894,0.6503267973856209,407.0,hn_5_1
1,0.30434782608695654,0.9381443298969072,0.4595959595959596,97.0,hn_5_1
accuracy,0.5753968253968254,0.5753968253968254,0.5753968253968254,0.5753968253968254,hn_5_1
macro avg,0.6375397667020148,0.7135439094201981,0.5549613784907903,504.0,hn_5_1
weighted avg,0.8424792539850865,0.5753968253968254,0.6136186797951504,504.0,hn_5_1
