,precision,recall,f1-score,support,modelo,tempo
0,0.9992740471869328,0.8337371290127196,0.9090308733696549,3302.0,ale_5_1,2633.7356560230255
1,0.5543831168831169,0.997080291970803,0.7125717266562338,685.0,ale_5_1,2633.7356560230255
accuracy,0.8618008527715074,0.8618008527715074,0.8618008527715074,0.8618008527715074,ale_5_1,2633.7356560230255
macro avg,0.7768285820350249,0.9154087104917612,0.8108013000129444,3987.0,ale_5_1,2633.7356560230255
weighted avg,0.9228380584088756,0.8618008527715074,0.8752775461816205,3987.0,ale_5_1,2633.7356560230255
