,precision,recall,f1-score,support,modelo,tempo
0,1.0,0.7749244712990937,0.8731914893617021,662.0,ale_1_1,887.6965968608856
1,0.8174019607843137,1.0,0.8995279838165879,667.0,ale_1_1,887.6965968608856
accuracy,0.8878856282919488,0.8878856282919488,0.8878856282919488,0.8878856282919488,ale_1_1,887.6965968608856
macro avg,0.9087009803921569,0.8874622356495468,0.886359736589145,1329.0,ale_1_1,887.6965968608856
weighted avg,0.9083574927337376,0.8878856282919488,0.8864092785275477,1329.0,ale_1_1,887.6965968608856
