,precision,recall,f1-score,support,modelo
0,0.9333333333333333,0.27450980392156865,0.42424242424242425,102.0,hn_1_1
1,0.5542168674698795,0.9787234042553191,0.7076923076923076,94.0,hn_1_1
accuracy,0.6122448979591837,0.6122448979591837,0.6122448979591837,0.6122448979591837,hn_1_1
macro avg,0.7437751004016064,0.6266166040884439,0.565967365967366,196.0,hn_1_1
weighted avg,0.7515121711335137,0.6122448979591837,0.5601826744683887,196.0,hn_1_1
