,precision,recall,f1-score,support,modelo
0,0.6634615384615384,0.8961038961038961,0.7624309392265194,77.0,hn_1_1
1,0.875,0.6153846153846154,0.7225806451612904,91.0,hn_1_1
accuracy,0.7440476190476191,0.7440476190476191,0.7440476190476191,0.7440476190476191,hn_1_1
macro avg,0.7692307692307692,0.7557442557442557,0.7425057921939049,168.0,hn_1_1
weighted avg,0.7780448717948717,0.7440476190476191,0.7408453632745203,168.0,hn_1_1
