,precision,recall,f1-score,support,modelo,tempo
0,0.9993595901376882,0.9451847365233192,0.9715175097276265,3302.0,ale_5_1,3010.3565306663513
1,0.7905092592592593,0.997080291970803,0.8818592640413171,685.0,ale_5_1,3010.3565306663513
accuracy,0.9541008276899925,0.9541008276899925,0.9541008276899925,0.9541008276899925,ale_5_1,3010.3565306663513
macro avg,0.8949344246984737,0.971132514247061,0.9266883868844717,3987.0,ale_5_1,3010.3565306663513
weighted avg,0.9634773537063553,0.9541008276899925,0.956113472031333,3987.0,ale_5_1,3010.3565306663513
