,precision,recall,f1-score,support,modelo,tempo
0,0.9148936170212766,0.46307692307692305,0.6149131767109295,650.0,hn_1_1,1037.7518389225006
1,0.651,0.9587628865979382,0.7754615842763551,679.0,hn_1_1,1037.7518389225006
accuracy,0.7163280662151994,0.7163280662151994,0.7163280662151994,0.7163280662151994,hn_1_1,1037.7518389225006
macro avg,0.7829468085106384,0.7109199048374306,0.6951873804936424,1329.0,hn_1_1,1037.7518389225006
weighted avg,0.7800676080239501,0.7163280662151994,0.6969390373105713,1329.0,hn_1_1,1037.7518389225006
