,precision,recall,f1-score,support,modelo,tempo
0,0.9715177526336325,0.7502259716782164,0.8466507990479429,3319.0,hn_5_1,3045.30695772171
1,0.4178370786516854,0.8907185628742516,0.5688336520076482,668.0,hn_5_1,3045.30695772171
accuracy,0.7737647353900176,0.7737647353900176,0.7737647353900176,0.7737647353900176,hn_5_1,3045.30695772171
macro avg,0.694677415642659,0.8204722672762339,0.7077422255277956,3987.0,hn_5_1,3045.30695772171
weighted avg,0.8787515900502514,0.7737647353900176,0.8001040585857115,3987.0,hn_5_1,3045.30695772171
