,precision,recall,f1-score,support,modelo
0,1.0,0.6341463414634146,0.7761194029850745,82.0,ale_1_1
1,0.7413793103448276,1.0,0.8514851485148515,86.0,ale_1_1
accuracy,0.8214285714285714,0.8214285714285714,0.8214285714285714,0.8214285714285714,ale_1_1
macro avg,0.8706896551724138,0.8170731707317074,0.813802275749963,168.0,ale_1_1
weighted avg,0.8676108374384237,0.8214285714285714,0.81469948700627,168.0,ale_1_1
