,precision,recall,f1-score,support,modelo,tempo
0,0.9646840148698885,0.783987915407855,0.8649999999999999,662.0,ale_1_1,0.15600109100341797
1,0.8192161820480405,0.9715142428785607,0.888888888888889,667.0,ale_1_1,0.15600109100341797
accuracy,0.8781038374717833,0.8781038374717833,0.8781038374717833,0.8781038374717833,ale_1_1,0.15600109100341797
macro avg,0.8919500984589646,0.8777510791432078,0.8769444444444444,1329.0,ale_1_1,0.15600109100341797
weighted avg,0.8916764569374788,0.8781038374717833,0.8769893821586823,1329.0,ale_1_1,0.15600109100341797
