,precision,recall,f1-score,support,modelo,tempo
0,0.3448275862068966,0.0030129557095510697,0.005973715651135006,3319.0,hn_5_1,0.43900299072265625
1,0.16397170288024254,0.9715568862275449,0.28058798097708604,668.0,hn_5_1,0.43900299072265625
accuracy,0.16528718334587408,0.16528718334587408,0.16528718334587408,0.16528718334587408,hn_5_1,0.43900299072265625
macro avg,0.25439964454356956,0.487284920968548,0.14328084831411053,3987.0,hn_5_1,0.43900299072265625
weighted avg,0.31452617410200445,0.16528718334587408,0.05198383083491612,3987.0,hn_5_1,0.43900299072265625
