,precision,recall,f1-score,support,modelo,tempo
0,0.8489065606361829,0.6569230769230769,0.7406764960971378,650.0,hn_1_1,1037.7518389225006
1,0.7300242130750605,0.8880706921944035,0.8013289036544851,679.0,hn_1_1,1037.7518389225006
accuracy,0.7750188111361926,0.7750188111361926,0.7750188111361926,0.7750188111361926,hn_1_1,1037.7518389225006
macro avg,0.7894653868556216,0.7724968845587402,0.7710026998758115,1329.0,hn_1_1,1037.7518389225006
weighted avg,0.7881683258777163,0.7750188111361926,0.7716644454812153,1329.0,hn_1_1,1037.7518389225006
