,precision,recall,f1-score,support,modelo
0,1.0,0.3902439024390244,0.5614035087719299,82.0,ale_1_1
1,0.6323529411764706,1.0,0.7747747747747747,86.0,ale_1_1
accuracy,0.7023809523809523,0.7023809523809523,0.7023809523809523,0.7023809523809523,ale_1_1
macro avg,0.8161764705882353,0.6951219512195121,0.6680891417733523,168.0,ale_1_1
weighted avg,0.8117997198879552,0.7023809523809523,0.6706292758924338,168.0,ale_1_1
