,precision,recall,f1-score,support,modelo
0,0.9647577092511013,0.538083538083538,0.6908517350157728,407.0,hn_5_1
1,0.3212996389891697,0.9175257731958762,0.4759358288770054,97.0,hn_5_1
accuracy,0.6111111111111112,0.6111111111111112,0.6111111111111112,0.6111111111111112,hn_5_1
macro avg,0.6430286741201354,0.7278046556397071,0.5833937819463891,504.0,hn_5_1
weighted avg,0.8409175647760866,0.6111111111111112,0.6494889514930339,504.0,hn_5_1
