,precision,recall,f1-score,support,modelo,tempo
0,1.0,0.34039975772259234,0.5079078174423859,3302.0,ale_5_1,3010.3565306663513
1,0.23925951798812434,1.0,0.38613303269447574,685.0,ale_5_1,3010.3565306663513
accuracy,0.45372460496614,0.45372460496614,0.45372460496614,0.45372460496614,ale_5_1,3010.3565306663513
macro avg,0.6196297589940621,0.6701998788612962,0.4470204250684308,3987.0,ale_5_1,3010.3565306663513
weighted avg,0.8692984122954264,0.45372460496614,0.4869858892878039,3987.0,ale_5_1,3010.3565306663513
