,precision,recall,f1-score,support,modelo,tempo
0,0.9982817869415808,0.17505272672491715,0.2978723404255319,3319.0,hn_5_1,3045.30695772171
1,0.19588839941262848,0.9985029940119761,0.3275227105327769,668.0,hn_5_1,3045.30695772171
accuracy,0.3130173062452972,0.3130173062452972,0.3130173062452972,0.3130173062452972,hn_5_1,3045.30695772171
macro avg,0.5970850931771046,0.5867778603684466,0.3126975254791544,3987.0,hn_5_1,3045.30695772171
weighted avg,0.8638451722264214,0.3130173062452972,0.302840097443751,3987.0,hn_5_1,3045.30695772171
