,precision,recall,f1-score,support,modelo,tempo
0,0.9219415271075788,0.9836462749848577,0.9517948717948718,3302.0,ale_5_1,0.5869998931884766
1,0.8836206896551724,0.5985401459854015,0.7136640557006092,685.0,ale_5_1,0.5869998931884766
accuracy,0.9174818159016804,0.9174818159016804,0.9174818159016804,0.9174818159016804,ale_5_1,0.5869998931884766
macro avg,0.9027811083813756,0.7910932104851296,0.8327294637477405,3987.0,ale_5_1,0.5869998931884766
weighted avg,0.9153576862109402,0.9174818159016804,0.910882002714217,3987.0,ale_5_1,0.5869998931884766
