,precision,recall,f1-score,support,modelo,tempo
0,0.7078774617067833,0.9773413897280967,0.8210659898477156,662.0,ale_1_1,0.15600109100341797
1,0.963855421686747,0.5997001499250375,0.7393715341959335,667.0,ale_1_1,0.15600109100341797
accuracy,0.7878103837471784,0.7878103837471784,0.7878103837471784,0.7878103837471784,ale_1_1,0.15600109100341797
macro avg,0.8358664416967652,0.788520769826567,0.7802187620218246,1329.0,ale_1_1,0.15600109100341797
weighted avg,0.8363479653235145,0.7878103837471784,0.7800650854686797,1329.0,ale_1_1,0.15600109100341797
