,precision,recall,f1-score,support,modelo,tempo
0,0.2113095238095238,0.10923076923076923,0.1440162271805274,650.0,hn_1_1,0.12901592254638672
1,0.4169184290030212,0.6097201767304861,0.4952153110047848,679.0,hn_1_1,0.12901592254638672
accuracy,0.3649360421369451,0.3649360421369451,0.3649360421369451,0.3649360421369451,hn_1_1,0.12901592254638672
macro avg,0.3141139764062725,0.35947547298062765,0.3196157690926561,1329.0,hn_1_1,0.12901592254638672
weighted avg,0.31635726393471925,0.36493604213694514,0.32344751229465135,1329.0,hn_1_1,0.12901592254638672
