,precision,recall,f1-score,support,modelo,tempo
0,0.7574503311258278,0.27568544742392287,0.40424121935056334,3319.0,hn_5_1,0.43900299072265625
1,0.13494062612450522,0.561377245508982,0.21758050478677113,668.0,hn_5_1,0.43900299072265625
accuracy,0.3235515425131678,0.3235515425131678,0.3235515425131678,0.3235515425131678,hn_5_1,0.43900299072265625
macro avg,0.4461954786251665,0.41853134646645246,0.31091086206866725,3987.0,hn_5_1,0.43900299072265625
weighted avg,0.6531522415996468,0.3235515425131678,0.3729672395841693,3987.0,hn_5_1,0.43900299072265625
