,precision,recall,f1-score,support,modelo,tempo
0,0.9837037037037037,0.6032707450030285,0.7478881171391026,3302.0,ale_5_1,12.405998229980469
1,0.33231396534148827,0.9518248175182482,0.49263316962599163,685.0,ale_5_1,12.405998229980469
accuracy,0.6631552545773765,0.6631552545773765,0.6631552545773765,0.6631552545773765,ale_5_1,12.405998229980469
macro avg,0.6580088345225961,0.7775477812606384,0.6202606433825472,3987.0,ale_5_1,12.405998229980469
weighted avg,0.8717894898140329,0.6631552545773765,0.7040331788279711,3987.0,ale_5_1,12.405998229980469
