,precision,recall,f1-score,support,modelo,tempo
0,0.9858490566037735,0.947129909365559,0.9661016949152542,662.0,ale_1_1,887.6965968608856
1,0.9494949494949495,0.9865067466266867,0.9676470588235294,667.0,ale_1_1,887.6965968608856
accuracy,0.9668924003009782,0.9668924003009782,0.9668924003009782,0.9668924003009782,ale_1_1,887.6965968608856
macro avg,0.9676720030493615,0.9668183279961229,0.9668743768693918,1329.0,ale_1_1,887.6965968608856
weighted avg,0.9676036168433628,0.9668924003009782,0.9668772838744862,1329.0,ale_1_1,887.6965968608856
