,precision,recall,f1-score,support,modelo,tempo
0,0.9947916666666666,0.983343428225318,0.9890344197380444,3302.0,ale_5_1,2633.7356560230255
1,0.9239280774550485,0.9751824817518249,0.9488636363636365,685.0,ale_5_1,2633.7356560230255
accuracy,0.981941309255079,0.981941309255079,0.981941309255079,0.981941309255079,ale_5_1,2633.7356560230255
macro avg,0.9593598720608576,0.9792629549885714,0.9689490280508404,3987.0,ale_5_1,2633.7356560230255
weighted avg,0.9826167083998096,0.981941309255079,0.9821327426345908,3987.0,ale_5_1,2633.7356560230255
