,precision,recall,f1-score,support,modelo
0,0.9949874686716792,0.806910569105691,0.8911335578002245,492.0,ale_5_1
1,0.5,0.979381443298969,0.6620209059233448,97.0,ale_5_1
accuracy,0.8353140916808149,0.8353140916808149,0.8353140916808149,0.8353140916808149,ale_5_1
macro avg,0.7474937343358397,0.89314600620233,0.7765772318617847,589.0,ale_5_1
weighted avg,0.9134700077868695,0.8353140916808149,0.8534019326184633,589.0,ale_5_1
