,precision,recall,f1-score,support,modelo,tempo
0,0.8968481375358166,0.945619335347432,0.9205882352941176,662.0,ale_1_1,890.5429136753082
1,0.9429477020602218,0.8920539730134932,0.9167950693374423,667.0,ale_1_1,890.5429136753082
accuracy,0.9187358916478555,0.9187358916478555,0.9187358916478555,0.9187358916478555,ale_1_1,890.5429136753082
macro avg,0.9198979197980193,0.9188366541804627,0.91869165231578,1329.0,ale_1_1,890.5429136753082
weighted avg,0.9199846383166882,0.9187358916478555,0.9186845169396387,1329.0,ale_1_1,890.5429136753082
