,precision,recall,f1-score,support,modelo,tempo
0,0.5176954732510288,0.9676923076923077,0.6745308310991959,650.0,hn_1_1,900.2695732116699
1,0.8157894736842105,0.13696612665684832,0.23455233291298866,679.0,hn_1_1,900.2695732116699
accuracy,0.5432656132430399,0.5432656132430399,0.5432656132430399,0.5432656132430399,hn_1_1,900.2695732116699
macro avg,0.6667424734676197,0.5523292171745781,0.4545415820060923,1329.0,hn_1_1,900.2695732116699
weighted avg,0.6699948158350246,0.5432656132430399,0.44974121464439176,1329.0,hn_1_1,900.2695732116699
