,precision,recall,f1-score,support,modelo,tempo
0,0.9454926624737946,0.8153058150045195,0.8755864746804725,3319.0,hn_5_1,2655.919296979904
1,0.45511111111111113,0.7664670658682635,0.5711098717233687,668.0,hn_5_1,2655.919296979904
accuracy,0.8071231502382744,0.8071231502382744,0.8071231502382744,0.8071231502382744,hn_5_1,2655.919296979904
macro avg,0.7003018867924529,0.7908864404363916,0.7233481732019206,3987.0,hn_5_1,2655.919296979904
weighted avg,0.8633319209863923,0.8071231502382744,0.8245730884814894,3987.0,hn_5_1,2655.919296979904
