,precision,recall,f1-score,support,modelo,tempo
0,0.8767123287671232,0.5907692307692308,0.7058823529411766,650.0,hn_1_1,897.1855988502502
1,0.7014590347923682,0.9204712812960235,0.7961783439490446,679.0,hn_1_1,897.1855988502502
accuracy,0.7592174567343868,0.7592174567343868,0.7592174567343868,0.7592174567343868,hn_1_1,897.1855988502502
macro avg,0.7890856817797457,0.7556202560326272,0.7510303484451106,1329.0,hn_1_1,897.1855988502502
weighted avg,0.7871735879026698,0.7592174567343868,0.752015519152119,1329.0,hn_1_1,897.1855988502502
