,precision,recall,f1-score,support,modelo,tempo
0,0.9425717852684145,0.909912624284423,0.9259543154990034,3319.0,hn_5_1,2648.959814786911
1,0.6181353767560664,0.7245508982035929,0.6671261199172984,668.0,hn_5_1,2648.959814786911
accuracy,0.8788562829194884,0.8788562829194884,0.8788562829194884,0.8788562829194884,hn_5_1,2648.959814786911
macro avg,0.7803535810122404,0.8172317612440079,0.7965402177081509,3987.0,hn_5_1,2648.959814786911
weighted avg,0.8882142430345924,0.8788562829194884,0.8825890697882989,3987.0,hn_5_1,2648.959814786911
