,precision,recall,f1-score,support,modelo
0,1.0,0.8353658536585366,0.9102990033222591,492.0,ale_5_1
1,0.5449438202247191,1.0,0.7054545454545454,97.0,ale_5_1
accuracy,0.8624787775891342,0.8624787775891342,0.8624787775891342,0.8624787775891342,ale_5_1
macro avg,0.7724719101123596,0.9176829268292683,0.8078767743884023,589.0,ale_5_1
weighted avg,0.9250586596974495,0.8624787775891342,0.8765640077141637,589.0,ale_5_1
