,precision,recall,f1-score,support,modelo
0,1.0,0.46464646464646464,0.6344827586206897,99.0,ale_1_1
1,0.6466666666666666,1.0,0.7854251012145749,97.0,ale_1_1
accuracy,0.7295918367346939,0.7295918367346939,0.7295918367346939,0.7295918367346939,ale_1_1
macro avg,0.8233333333333333,0.7323232323232323,0.7099539299176323,196.0,ale_1_1
weighted avg,0.8251360544217686,0.7295918367346939,0.7091838159248064,196.0,ale_1_1
