,precision,recall,f1-score,support,modelo,tempo
0,0.960562414266118,0.8439288942452546,0.898476343223737,3319.0,hn_5_1,3045.30695772171
1,0.5163398692810458,0.8278443113772455,0.6359976998274871,668.0,hn_5_1,3045.30695772171
accuracy,0.8412340105342363,0.8412340105342363,0.8412340105342363,0.8412340105342363,hn_5_1,3045.30695772171
macro avg,0.738451141773582,0.83588660281125,0.7672370215256121,3987.0,hn_5_1,3045.30695772171
weighted avg,0.8861353613315736,0.8412340105342363,0.8544994849872949,3987.0,hn_5_1,3045.30695772171
