,precision,recall,f1-score,support,modelo,tempo
0,0.967391304347826,0.4033232628398791,0.5692963752665245,662.0,ale_1_1,6.8325347900390625
1,0.6248812915479582,0.9865067466266867,0.7651162790697674,667.0,ale_1_1,6.8325347900390625
accuracy,0.6960120391271633,0.6960120391271633,0.6960120391271633,0.6960120391271633,ale_1_1,6.8325347900390625
macro avg,0.7961362979478921,0.6949150047332829,0.667206327168146,1329.0,ale_1_1,6.8325347900390625
weighted avg,0.7954919976980805,0.6960120391271633,0.6675746866561129,1329.0,ale_1_1,6.8325347900390625
