,precision,recall,f1-score,support,modelo
0,1.0,0.7813021702838063,0.8772258669165885,599.0,ale_5_1
1,0.476,1.0,0.6449864498644986,119.0,ale_5_1
accuracy,0.8175487465181058,0.8175487465181058,0.8175487465181058,0.8175487465181058,ale_5_1
macro avg,0.738,0.8906510851419032,0.7611061583905436,718.0,ale_5_1
weighted avg,0.9131532033426184,0.8175487465181058,0.8387349328926349,718.0,ale_5_1
