,precision,recall,f1-score,support,modelo,tempo
0,0.9872223912382111,0.9827377347062386,0.9849749582637729,3302.0,ale_5_1,2633.7356560230255
1,0.9185714285714286,0.9386861313868613,0.9285198555956679,685.0,ale_5_1,2633.7356560230255
accuracy,0.9751693002257337,0.9751693002257337,0.9751693002257337,0.9751693002257337,ale_5_1,2633.7356560230255
macro avg,0.9528969099048199,0.9607119330465499,0.9567474069297204,3987.0,ale_5_1,2633.7356560230255
weighted avg,0.9754275807474295,0.9751693002257337,0.9752754986882395,3987.0,ale_5_1,2633.7356560230255
