,precision,recall,f1-score,support,modelo,tempo
0,0.5137540453074434,0.9769230769230769,0.6733828207847297,650.0,hn_1_1,897.1855988502502
1,0.8387096774193549,0.11487481590574374,0.2020725388601036,679.0,hn_1_1,897.1855988502502
accuracy,0.5364936042136945,0.5364936042136945,0.5364936042136945,0.5364936042136945,hn_1_1,897.1855988502502
macro avg,0.6762318613633991,0.5458989464144103,0.4377276798224166,1329.0,hn_1_1,897.1855988502502
weighted avg,0.6797772764616856,0.5364936042136945,0.4325854683191005,1329.0,hn_1_1,897.1855988502502
