,precision,recall,f1-score,support,modelo,tempo
0,1.0,0.08006042296072508,0.14825174825174825,662.0,ale_1_1,1017.8204982280731
1,0.5227272727272727,1.0,0.6865671641791045,667.0,ale_1_1,1017.8204982280731
accuracy,0.5417607223476298,0.5417607223476298,0.5417607223476298,0.5417607223476298,ale_1_1,1017.8204982280731
macro avg,0.7613636363636364,0.5400302114803626,0.41740945621542636,1329.0,ale_1_1,1017.8204982280731
weighted avg,0.760465832136261,0.5417607223476298,0.41842208867578634,1329.0,ale_1_1,1017.8204982280731
