,precision,recall,f1-score,support,modelo,tempo
0,0.9938650306748467,0.1952395299789093,0.32636615462100227,3319.0,hn_5_1,3045.30695772171
1,0.19910044977511243,0.9940119760479041,0.33175118661004244,668.0,hn_5_1,3045.30695772171
accuracy,0.3290694757963381,0.3290694757963381,0.3290694757963381,0.3290694757963381,hn_5_1,3045.30695772171
macro avg,0.5964827402249795,0.5946257530134067,0.32905867061552235,3987.0,hn_5_1,3045.30695772171
weighted avg,0.8607065807021799,0.3290694757963381,0.32726838721911583,3987.0,hn_5_1,3045.30695772171
