,precision,recall,f1-score,support,modelo,tempo
0,0.9891172914147521,0.9909145972138098,0.9900151285930409,3302.0,ale_5_1,3010.3565306663513
1,0.9558173784977909,0.9474452554744526,0.9516129032258066,685.0,ale_5_1,3010.3565306663513
accuracy,0.9834462001504891,0.9834462001504891,0.9834462001504891,0.9834462001504891,ale_5_1,3010.3565306663513
macro avg,0.9724673349562716,0.9691799263441312,0.9708140159094237,3987.0,ale_5_1,3010.3565306663513
weighted avg,0.9833960874147224,0.9834462001504891,0.9834173045708299,3987.0,ale_5_1,3010.3565306663513
