,precision,recall,f1-score,support,modelo,tempo
0,0.7924217462932455,0.74,0.7653142402545744,650.0,hn_1_1,1037.7518389225006
1,0.7659279778393352,0.8144329896907216,0.7894361170592434,679.0,hn_1_1,1037.7518389225006
accuracy,0.7780285929270128,0.7780285929270128,0.7780285929270128,0.7780285929270128,hn_1_1,1037.7518389225006
macro avg,0.7791748620662904,0.7772164948453608,0.777375178656909,1329.0,hn_1_1,1037.7518389225006
weighted avg,0.7788858028920376,0.7780285929270128,0.7776383594045897,1329.0,hn_1_1,1037.7518389225006
