,precision,recall,f1-score,support,modelo,tempo
0,0.923576276187666,0.9430551370894847,0.9332140727489565,3319.0,hn_5_1,3045.30695772171
1,0.6839464882943144,0.6122754491017964,0.6461295418641391,668.0,hn_5_1,3045.30695772171
accuracy,0.8876348131427139,0.8876348131427139,0.8876348131427139,0.8876348131427139,hn_5_1,3045.30695772171
macro avg,0.8037613822409901,0.7776652930956406,0.7896718073065478,3987.0,hn_5_1,3045.30695772171
weighted avg,0.8834276184719001,0.8876348131427139,0.885114632911721,3987.0,hn_5_1,3045.30695772171
