,precision,recall,f1-score,support,modelo,tempo
0,0.8285340314136126,0.9561933534743202,0.8877980364656382,662.0,ale_1_1,0.15600109100341797
1,0.9486725663716814,0.8035982008995503,0.8701298701298701,667.0,ale_1_1,0.15600109100341797
accuracy,0.8796087283671934,0.8796087283671934,0.8796087283671934,0.8796087283671934,ale_1_1,0.15600109100341797
macro avg,0.888603298892647,0.8798957771869352,0.8789639532977541,1329.0,ale_1_1,0.15600109100341797
weighted avg,0.8888292931269549,0.8796087283671934,0.8789307174694325,1329.0,ale_1_1,0.15600109100341797
