,precision,recall,f1-score,support,modelo,tempo
0,0.9647094615150593,0.9603270745003029,0.9625132797086052,3302.0,ale_5_1,0.5869998931884766
1,0.8128571428571428,0.8306569343065694,0.8216606498194946,685.0,ale_5_1,0.5869998931884766
accuracy,0.9380486581389516,0.9380486581389516,0.9380486581389516,0.9380486581389516,ale_5_1,0.5869998931884766
macro avg,0.8887833021861011,0.8954920044034361,0.8920869647640499,3987.0,ale_5_1,0.5869998931884766
weighted avg,0.9386199610684396,0.9380486581389516,0.9383136179393449,3987.0,ale_5_1,0.5869998931884766
