,precision,recall,f1-score,support,modelo,tempo
0,0.15671641791044777,0.03230769230769231,0.053571428571428575,650.0,hn_1_1,0.12901592254638672
1,0.47364016736401676,0.833578792341679,0.6040554962646745,679.0,hn_1_1,0.12901592254638672
accuracy,0.44168547780285927,0.44168547780285927,0.44168547780285927,0.44168547780285927,hn_1_1,0.12901592254638672
macro avg,0.3151782926372323,0.4329432423246856,0.32881346241805154,1329.0,hn_1_1,0.12901592254638672
weighted avg,0.3186360762091486,0.44168547780285927,0.3348194962642156,1329.0,hn_1_1,0.12901592254638672
