,precision,recall,f1-score,support,modelo,tempo
0,0.9967731526298806,0.9354936402180497,0.9651616934853929,3302.0,ale_5_1,2642.476496219635
1,0.7601351351351351,0.9854014598540146,0.8582326764144946,685.0,ale_5_1,2642.476496219635
accuracy,0.9440682217205919,0.9440682217205919,0.9440682217205919,0.9440682217205919,ale_5_1,2642.476496219635
macro avg,0.8784541438825079,0.9604475500360321,0.9116971849499438,3987.0,ale_5_1,2642.476496219635
weighted avg,0.9561167588541343,0.9440682217205919,0.9467903925840724,3987.0,ale_5_1,2642.476496219635
