,precision,recall,f1-score,support,modelo,tempo
0,0.9982174688057041,0.8459214501510574,0.9157808667211774,662.0,ale_1_1,890.5429136753082
1,0.8671875,0.9985007496251874,0.9282229965156795,667.0,ale_1_1,890.5429136753082
accuracy,0.9224981188863808,0.9224981188863808,0.9224981188863808,0.9224981188863808,ale_1_1,890.5429136753082
macro avg,0.932702484402852,0.9222110998881223,0.9220019316184285,1329.0,ale_1_1,890.5429136753082
weighted avg,0.932456002144,0.9224981188863808,0.9220253366782376,1329.0,ale_1_1,890.5429136753082
