,precision,recall,f1-score,support,modelo,tempo
0,0.8888888888888888,0.49230769230769234,0.6336633663366337,650.0,hn_1_1,900.2695732116699
1,0.6594427244582043,0.9410898379970545,0.7754854368932038,679.0,hn_1_1,900.2695732116699
accuracy,0.7215951843491347,0.7215951843491347,0.7215951843491347,0.7215951843491347,hn_1_1,900.2695732116699
macro avg,0.7741658066735466,0.7166987651523734,0.7045744016149187,1329.0,hn_1_1,900.2695732116699
weighted avg,0.7716624437057173,0.7215951843491347,0.7061217454998475,1329.0,hn_1_1,900.2695732116699
