,precision,recall,f1-score,support,modelo,tempo
0,0.956981407218374,0.7909008737571558,0.8660508083140878,3319.0,hn_5_1,2655.919296979904
1,0.44212218649517687,0.8233532934131736,0.5753138075313807,668.0,hn_5_1,2655.919296979904
accuracy,0.7963380988211688,0.7963380988211688,0.7963380988211688,0.7963380988211688,hn_5_1,2655.919296979904
macro avg,0.6995517968567755,0.8071270835851647,0.7206823079227342,3987.0,hn_5_1,2655.919296979904
weighted avg,0.8707195663748587,0.7963380988211688,0.8173394171621318,3987.0,hn_5_1,2655.919296979904
