,precision,recall,f1-score,support,modelo,tempo
0,0.8584656084656085,0.9803625377643505,0.9153737658674188,662.0,ale_1_1,887.6965968608856
1,0.9773123909249564,0.8395802098950524,0.9032258064516129,667.0,ale_1_1,887.6965968608856
accuracy,0.909706546275395,0.909706546275395,0.909706546275395,0.909706546275395,ale_1_1,887.6965968608856
macro avg,0.9178889996952824,0.9099713738297015,0.9092997861595158,1329.0,ale_1_1,887.6965968608856
weighted avg,0.9181125639963723,0.909706546275395,0.9092769344676124,1329.0,ale_1_1,887.6965968608856
