,precision,recall,f1-score,support,modelo,tempo
0,0.9256550883607556,0.9153359445616149,0.9204665959703076,3319.0,hn_5_1,2648.959814786911
1,0.601418439716312,0.6347305389221557,0.6176256372906046,668.0,hn_5_1,2648.959814786911
accuracy,0.8683220466516177,0.8683220466516177,0.8683220466516177,0.8683220466516177,hn_5_1,2648.959814786911
macro avg,0.7635367640385338,0.7750332417418853,0.7690461166304561,3987.0,hn_5_1,2648.959814786911
weighted avg,0.8713310147980546,0.8683220466516177,0.8697272530061637,3987.0,hn_5_1,2648.959814786911
