,precision,recall,f1-score,support,modelo,tempo
0,0.9939759036144579,0.1988550768303706,0.33140848606577955,3319.0,hn_5_1,3045.30695772171
1,0.19981944026482096,0.9940119760479041,0.3327486845402155,668.0,hn_5_1,3045.30695772171
accuracy,0.3320792575871583,0.3320792575871583,0.3320792575871583,0.3320792575871583,hn_5_1,3045.30695772171
macro avg,0.5968976719396394,0.5964335264391374,0.3320785853029975,3987.0,hn_5_1,3045.30695772171
weighted avg,0.8609193404046366,0.3320792575871583,0.33163302897546687,3987.0,hn_5_1,3045.30695772171
