,precision,recall,f1-score,support,modelo,tempo
0,1.0,0.7824773413897281,0.8779661016949153,662.0,ale_1_1,887.6965968608856
1,0.8224414303329223,1.0,0.9025710419485792,667.0,ale_1_1,887.6965968608856
accuracy,0.891647855530474,0.891647855530474,0.891647855530474,0.891647855530474,ale_1_1,887.6965968608856
macro avg,0.9112207151664611,0.8912386706948641,0.8902685718217472,1329.0,ale_1_1,887.6965968608856
weighted avg,0.9108867073228435,0.891647855530474,0.8903148565099595,1329.0,ale_1_1,887.6965968608856
