,precision,recall,f1-score,support,modelo,tempo
0,0.9993238674780257,0.8952150211992732,0.944408945686901,3302.0,ale_5_1,2633.7356560230255
1,0.6637512147716229,0.997080291970803,0.7969661610268379,685.0,ale_5_1,2633.7356560230255
accuracy,0.9127163280662152,0.9127163280662152,0.9127163280662152,0.9127163280662152,ale_5_1,2633.7356560230255
macro avg,0.8315375411248243,0.9461476565850381,0.8706875533568694,3987.0,ale_5_1,2633.7356560230255
weighted avg,0.9416696745751197,0.9127163280662152,0.9190770401207753,3987.0,ale_5_1,2633.7356560230255
