,precision,recall,f1-score,support,modelo,tempo
0,0.9506726457399103,0.3261538461538461,0.4856815578465063,650.0,hn_1_1,897.1855988502502
1,0.6039783001808319,0.9837997054491899,0.7484593837535014,679.0,hn_1_1,897.1855988502502
accuracy,0.6621519939804364,0.6621519939804364,0.6621519939804364,0.6621519939804364,hn_1_1,897.1855988502502
macro avg,0.7773254729603711,0.654976775801518,0.6170704708000039,1329.0,hn_1_1,897.1855988502502
weighted avg,0.7735428785204865,0.6621519939804364,0.6199374974934962,1329.0,hn_1_1,897.1855988502502
