,precision,recall,f1-score,support,modelo,tempo
0,0.9795646379386939,0.6643567339560108,0.7917414721723519,3319.0,hn_5_1,2648.959814786911
1,0.358294930875576,0.9311377245508982,0.5174708818635607,668.0,hn_5_1,2648.959814786911
accuracy,0.709054426887384,0.709054426887384,0.709054426887384,0.709054426887384,hn_5_1,2648.959814786911
macro avg,0.6689297844071349,0.7977472292534544,0.6546061770179563,3987.0,hn_5_1,2648.959814786911
weighted avg,0.8754743032714848,0.709054426887384,0.7457889378542499,3987.0,hn_5_1,2648.959814786911
