,precision,recall,f1-score,support,modelo,tempo
0,0.32558139534883723,0.021538461538461538,0.0404040404040404,650.0,hn_1_1,6.814995765686035
1,0.505443234836703,0.9572901325478645,0.6615776081424937,679.0,hn_1_1,6.814995765686035
accuracy,0.4996237772761475,0.4996237772761475,0.4996237772761475,0.4996237772761475,hn_1_1,6.814995765686035
macro avg,0.4155123150927701,0.489414297043163,0.35099082427326705,1329.0,hn_1_1,6.814995765686035
weighted avg,0.4174746903166783,0.4996237772761475,0.3577681130108198,1329.0,hn_1_1,6.814995765686035
