,precision,recall,f1-score,support,modelo
0,0.9696969696969697,0.42105263157894735,0.5871559633027523,608.0,hn_5_1
1,0.22466960352422907,0.9272727272727272,0.3617021276595745,110.0,hn_5_1
accuracy,0.4986072423398329,0.4986072423398329,0.4986072423398329,0.4986072423398329,hn_5_1
macro avg,0.5971832866105994,0.6741626794258373,0.4744290454811634,718.0,hn_5_1
weighted avg,0.8555562868571348,0.4986072423398329,0.5526156820760817,718.0,hn_5_1
