,precision,recall,f1-score,support,modelo,tempo
0,1.0,0.0755287009063444,0.1404494382022472,662.0,ale_1_1,1017.8204982280731
1,0.5215011727912432,1.0,0.6855087358684481,667.0,ale_1_1,1017.8204982280731
accuracy,0.5395033860045146,0.5395033860045146,0.5395033860045146,0.5395033860045146,ale_1_1,1017.8204982280731
macro avg,0.7607505863956217,0.5377643504531722,0.41297908703534764,1329.0,ale_1_1,1017.8204982280731
weighted avg,0.759850475734958,0.5395033860045146,0.41400440550349327,1329.0,ale_1_1,1017.8204982280731
