,precision,recall,f1-score,support,modelo,tempo
0,1.0,0.046153846153846156,0.08823529411764706,650.0,hn_1_1,1037.7518389225006
1,0.5227097767513472,1.0,0.686552072800809,679.0,hn_1_1,1037.7518389225006
accuracy,0.5334838224228743,0.5334838224228743,0.5334838224228743,0.5334838224228743,hn_1_1,1037.7518389225006
macro avg,0.7613548883756736,0.5230769230769231,0.38739368345922803,1329.0,hn_1_1,1037.7518389225006
weighted avg,0.7561474329677689,0.5334838224228743,0.39392159413711053,1329.0,hn_1_1,1037.7518389225006
