,precision,recall,f1-score,support,modelo,tempo
0,0.99375,0.19162398312744802,0.3212932558726951,3319.0,hn_5_1,3045.30695772171
1,0.19838661487899611,0.9940119760479041,0.33075965130759655,668.0,hn_5_1,3045.30695772171
accuracy,0.32605969400551793,0.32605969400551793,0.32605969400551793,0.32605969400551793,hn_5_1,3045.30695772171
macro avg,0.5960683074394981,0.5928179795876761,0.3260264535901458,3987.0,hn_5_1,3045.30695772171
weighted avg,0.8604912236616928,0.32605969400551793,0.32287929854902164,3987.0,hn_5_1,3045.30695772171
