,precision,recall,f1-score,support,modelo
0,1.0,0.5519713261648745,0.7113163972286374,279.0,ale_1_1
1,0.6819338422391857,1.0,0.8108925869894099,268.0,ale_1_1
accuracy,0.7714808043875686,0.7714808043875686,0.7714808043875686,0.7714808043875686,ale_1_1
macro avg,0.8409669211195929,0.7759856630824373,0.7611044921090236,547.0,ale_1_1
weighted avg,0.8441650269106066,0.7714808043875686,0.7601032689944273,547.0,ale_1_1
