,precision,recall,f1-score,support,modelo
0,0.9868421052631579,0.9615384615384616,0.974025974025974,78.0,ale_1_1
1,0.970873786407767,0.9900990099009901,0.9803921568627452,101.0,ale_1_1
accuracy,0.9776536312849162,0.9776536312849162,0.9776536312849162,0.9776536312849162,ale_1_1
macro avg,0.9788579458354625,0.9758187357197259,0.9772090654443596,179.0,ale_1_1
weighted avg,0.9778320482553674,0.9776536312849162,0.9776180660176718,179.0,ale_1_1
