,precision,recall,f1-score,support,modelo
0,0.735632183908046,0.7191011235955056,0.7272727272727273,89.0,hn_1_1
1,0.7282608695652174,0.7444444444444445,0.7362637362637363,90.0,hn_1_1
accuracy,0.7318435754189944,0.7318435754189944,0.7318435754189944,0.7318435754189944,hn_1_1
macro avg,0.7319465267366316,0.731772784019975,0.7317682317682318,179.0,hn_1_1
weighted avg,0.7319259364731043,0.7318435754189944,0.7317933463184859,179.0,hn_1_1
