,precision,recall,f1-score,support,modelo
0,0.8395522388059702,1.0,0.9127789046653144,450.0,hn_5_1
1,0.0,0.0,0.0,86.0,hn_5_1
accuracy,0.8395522388059702,0.8395522388059702,0.8395522388059702,0.8395522388059702,hn_5_1
macro avg,0.4197761194029851,0.5,0.4563894523326572,536.0,hn_5_1
weighted avg,0.7048479616841168,0.8395522388059702,0.766325572946626,536.0,hn_5_1
