,precision,recall,f1-score,support,modelo,tempo
0,0.7740324594257179,0.9365558912386707,0.8475734791524264,662.0,ale_1_1,6.8325347900390625
1,0.9204545454545454,0.7286356821589205,0.8133891213389121,667.0,ale_1_1,6.8325347900390625
accuracy,0.8322046651617758,0.8322046651617758,0.8322046651617758,0.8322046651617758,ale_1_1,6.8325347900390625
macro avg,0.8472435024401317,0.8325957866987956,0.8304813002456692,1329.0,ale_1_1,6.8325347900390625
weighted avg,0.8475189390203213,0.8322046651617758,0.8304169955846206,1329.0,ale_1_1,6.8325347900390625
