,precision,recall,f1-score,support,modelo,tempo
0,0.2823529411764706,0.11076923076923077,0.1591160220994475,650.0,hn_1_1,5.867987871170044
1,0.4618249534450652,0.7304860088365243,0.5658870507701084,679.0,hn_1_1,5.867987871170044
accuracy,0.42738901429646353,0.42738901429646353,0.42738901429646353,0.42738901429646353,hn_1_1,5.867987871170044
macro avg,0.3720889473107679,0.4206276198028775,0.36250153643477795,1329.0,hn_1_1,5.867987871170044
weighted avg,0.3740470693407864,0.42738901429646353,0.3669395950621102,1329.0,hn_1_1,5.867987871170044
