,precision,recall,f1-score,support,modelo,tempo
0,0.7997957099080695,0.23591443205784876,0.3643555141926478,3319.0,hn_5_1,11.831008911132812
1,0.15691489361702127,0.7065868263473054,0.25680087051142547,668.0,hn_5_1,11.831008911132812
accuracy,0.3147730122899423,0.3147730122899423,0.3147730122899423,0.3147730122899423,hn_5_1,11.831008911132812
macro avg,0.47835530176254537,0.4712506292025771,0.31057819235203665,3987.0,hn_5_1,11.831008911132812
weighted avg,0.6920845523253205,0.3147730122899423,0.346335323076757,3987.0,hn_5_1,11.831008911132812
