,precision,recall,f1-score,support,modelo,tempo
0,0.9730506647502695,0.8201090248334343,0.8900575184880856,3302.0,ale_5_1,12.405998229980469
1,0.5066445182724253,0.8905109489051095,0.6458443620963473,685.0,ale_5_1,12.405998229980469
accuracy,0.8322046651617758,0.8322046651617758,0.8322046651617758,0.8322046651617758,ale_5_1,12.405998229980469
macro avg,0.7398475915113474,0.855309986869272,0.7679509402922164,3987.0,ale_5_1,12.405998229980469
weighted avg,0.8929181815956863,0.8322046651617758,0.8480996523911855,3987.0,ale_5_1,12.405998229980469
