,precision,recall,f1-score,support,modelo,tempo
0,0.889267461669506,0.7885196374622356,0.8358686949559647,662.0,ale_1_1,6.8325347900390625
1,0.8113207547169812,0.9025487256371814,0.8545067423704755,667.0,ale_1_1,6.8325347900390625
accuracy,0.8457486832204665,0.8457486832204665,0.8457486832204665,0.8457486832204665,ale_1_1,6.8325347900390625
macro avg,0.8502941081932436,0.8455341815497085,0.8451877186632202,1329.0,ale_1_1,6.8325347900390625
weighted avg,0.8501474815812186,0.8457486832204665,0.8452227789480481,1329.0,ale_1_1,6.8325347900390625
