,precision,recall,f1-score,support,modelo,tempo
0,0.9852941176470589,0.5248568846037963,0.6848830351877335,3319.0,hn_5_1,2648.959814786911
1,0.2893195132942767,0.9610778443113772,0.44475233806719777,668.0,hn_5_1,2648.959814786911
accuracy,0.5979433157762729,0.5979433157762729,0.5979433157762729,0.5979433157762729,hn_5_1,2648.959814786911
macro avg,0.6373068154706678,0.7429673644575867,0.5648176866274657,3987.0,hn_5_1,2648.959814786911
weighted avg,0.8686873868450377,0.5979433157762729,0.6446504528760911,3987.0,hn_5_1,2648.959814786911
