,precision,recall,f1-score,support,modelo,tempo
0,0.44641192917054984,0.7369230769230769,0.5560069645966337,650.0,hn_1_1,0.12901592254638672
1,0.33203125,0.1251840942562592,0.18181818181818182,679.0,hn_1_1,0.12901592254638672
accuracy,0.42437923250564336,0.42437923250564336,0.42437923250564336,0.42437923250564336,hn_1_1,0.12901592254638672
macro avg,0.3892215895852749,0.43105358558966805,0.3689125732074078,1329.0,hn_1_1,0.12901592254638672
weighted avg,0.38797364387573924,0.42437923250564336,0.36483000183774067,1329.0,hn_1_1,0.12901592254638672
