,precision,recall,f1-score,support,modelo,tempo
0,0.8861546782044348,0.9924288310115081,0.9362857142857142,3302.0,ale_5_1,0.5869998931884766
1,0.9134948096885813,0.3854014598540146,0.5420944558521561,685.0,ale_5_1,0.5869998931884766
accuracy,0.8881364434411838,0.8881364434411838,0.8881364434411838,0.8881364434411838,ale_5_1,0.5869998931884766
macro avg,0.8998247439465081,0.6889151454327613,0.7391900850689351,3987.0,ale_5_1,0.5869998931884766
weighted avg,0.8908519418278712,0.8881364434411838,0.8685603538575759,3987.0,ale_5_1,0.5869998931884766
