,precision,recall,f1-score,support,modelo,tempo
0,0.27629233511586454,0.23846153846153847,0.2559867877786953,650.0,hn_1_1,0.12901592254638672
1,0.35546875,0.4020618556701031,0.37733241188666206,679.0,hn_1_1,0.12901592254638672
accuracy,0.3220466516177577,0.3220466516177577,0.3220466516177577,0.3220466516177577,hn_1_1,0.12901592254638672
macro avg,0.3158805425579323,0.3202616970658208,0.31665959983267866,1329.0,hn_1_1,0.12901592254638672
weighted avg,0.31674439358563733,0.3220466516177577,0.31798353628833376,1329.0,hn_1_1,0.12901592254638672
