,precision,recall,f1-score,support,modelo,tempo
0,0.801467216872994,0.526664658029527,0.6356363636363637,3319.0,hn_5_1,0.43900299072265625
1,0.1301218161683278,0.35179640718562877,0.18997574777687956,668.0,hn_5_1,0.43900299072265625
accuracy,0.49736644093303234,0.49736644093303234,0.49736644093303234,0.49736644093303234,hn_5_1,0.43900299072265625
macro avg,0.46579451652066095,0.4392305326075779,0.4128060557066216,3987.0,hn_5_1,0.43900299072265625
weighted avg,0.6889869741665187,0.49736644093303234,0.5609683698078873,3987.0,hn_5_1,0.43900299072265625
