,precision,recall,f1-score,support,modelo
0,1.0,0.7896494156928213,0.8824626865671642,599.0,ale_5_1
1,0.4857142857142857,1.0,0.6538461538461539,119.0,ale_5_1
accuracy,0.8245125348189415,0.8245125348189415,0.8245125348189415,0.8245125348189415,ale_5_1
macro avg,0.7428571428571429,0.8948247078464107,0.768154420206659,718.0,ale_5_1
weighted avg,0.9147632311977715,0.8245125348189415,0.8445722027317878,718.0,ale_5_1
