,precision,recall,f1-score,support,modelo
0,0.964968152866242,0.49835526315789475,0.6572668112798264,608.0,hn_5_1
1,0.24504950495049505,0.9,0.3852140077821012,110.0,hn_5_1
accuracy,0.5598885793871866,0.5598885793871866,0.5598885793871866,0.5598885793871866,hn_5_1
macro avg,0.6050088289083686,0.6991776315789474,0.5212404095309638,718.0,hn_5_1
weighted avg,0.8546742095922417,0.5598885793871866,0.6155874124152725,718.0,hn_5_1
