,precision,recall,f1-score,support,modelo,tempo
0,0.9952978056426333,0.959214501510574,0.976923076923077,662.0,ale_1_1,1811.7815992832184
1,0.9609261939218524,0.9955022488755623,0.9779086892488955,667.0,ale_1_1,1811.7815992832184
accuracy,0.9774266365688488,0.9774266365688488,0.9774266365688488,0.9774266365688488,ale_1_1,1811.7815992832184
macro avg,0.9781119997822428,0.9773583751930681,0.9774158830859863,1329.0,ale_1_1,1811.7815992832184
weighted avg,0.9780473428753189,0.9774266365688488,0.9774177371347557,1329.0,ale_1_1,1811.7815992832184
