,precision,recall,f1-score,support,modelo,tempo
0,0.8324554803110108,1.0,0.9085683000273748,3319.0,hn_5_1,5441.051016569138
1,0.0,0.0,0.0,668.0,hn_5_1,5441.051016569138
accuracy,0.8324554803110108,0.8324554803110108,0.8324554803110108,0.8324554803110108,hn_5_1,5441.051016569138
macro avg,0.4162277401555054,0.5,0.4542841500136874,3987.0,hn_5_1,5441.051016569138
weighted avg,0.6929821266998357,0.8324554803110108,0.7563426605946467,3987.0,hn_5_1,5441.051016569138
