,precision,recall,f1-score,support,modelo,tempo
0,0.9432314410480349,0.3323076923076923,0.49146757679180897,650.0,hn_1_1,900.2695732116699
1,0.6054545454545455,0.9808541973490427,0.7487352445193928,679.0,hn_1_1,900.2695732116699
accuracy,0.6636568848758465,0.6636568848758465,0.6636568848758465,0.6636568848758465,hn_1_1,900.2695732116699
macro avg,0.7743429932512902,0.6565809448283675,0.6201014106556009,1329.0,hn_1_1,900.2695732116699
weighted avg,0.770657692283566,0.6636568848758465,0.6229083189942389,1329.0,hn_1_1,900.2695732116699
