,precision,recall,f1-score,support,modelo,tempo
0,0.9761410788381742,0.5670382645375113,0.7173623022679626,3319.0,hn_5_1,2655.919296979904
1,0.30208839242350655,0.9311377245508982,0.45617895122845614,668.0,hn_5_1,2655.919296979904
accuracy,0.6280411336844746,0.6280411336844746,0.6280411336844746,0.6280411336844746,hn_5_1,2655.919296979904
macro avg,0.6391147356308404,0.7490879945442047,0.5867706267482093,3987.0,hn_5_1,2655.919296979904
weighted avg,0.8632072452477559,0.6280411336844746,0.6736024631672878,3987.0,hn_5_1,2655.919296979904
