,precision,recall,f1-score,support,modelo
0,0.9761431411530815,0.9979674796747967,0.9869346733668342,492.0,ale_5_1
1,0.9883720930232558,0.8762886597938144,0.9289617486338797,97.0,ale_5_1
accuracy,0.9779286926994907,0.9779286926994907,0.9779286926994907,0.9779286926994907,ale_5_1
macro avg,0.9822576170881687,0.9371280697343056,0.957948211000357,589.0,ale_5_1
weighted avg,0.9781570771996129,0.9779286926994907,0.9773873495992678,589.0,ale_5_1
