,precision,recall,f1-score,support,modelo
0,1.0,0.9292929292929293,0.9633507853403142,99.0,ale_1_1
1,0.9326923076923077,1.0,0.9651741293532339,97.0,ale_1_1
accuracy,0.9642857142857143,0.9642857142857143,0.9642857142857143,0.9642857142857143,ale_1_1
macro avg,0.9663461538461539,0.9646464646464646,0.964262457346774,196.0,ale_1_1
weighted avg,0.9666895604395606,0.9642857142857143,0.9642531545711979,196.0,ale_1_1
