,precision,recall,f1-score,support,modelo
0,0.656934306569343,0.8823529411764706,0.7531380753138076,102.0,hn_1_1
1,0.7966101694915254,0.5,0.6143790849673202,94.0,hn_1_1
accuracy,0.6989795918367347,0.6989795918367347,0.6989795918367347,0.6989795918367347,hn_1_1
macro avg,0.7267722380304342,0.6911764705882353,0.6837585801405639,196.0,hn_1_1
weighted avg,0.7239217102156957,0.6989795918367347,0.686590396270084,196.0,hn_1_1
