,precision,recall,f1-score,support,modelo
0,0.801358234295416,1.0,0.8897266729500471,472.0,hn_5_1
1,0.0,0.0,0.0,117.0,hn_5_1
accuracy,0.801358234295416,0.801358234295416,0.801358234295416,0.801358234295416,hn_5_1
macro avg,0.400679117147708,0.5,0.4448633364750236,589.0,hn_5_1
weighted avg,0.6421750196730668,0.801358234295416,0.7129897956407848,589.0,hn_5_1
