,precision,recall,f1-score,support,modelo,tempo
0,0.9976689976689976,0.7777104784978801,0.8740639891082369,3302.0,ale_5_1,2642.476496219635
1,0.4805378627034678,0.9912408759124087,0.6472831267874166,685.0,ale_5_1,2642.476496219635
accuracy,0.8143967895660897,0.8143967895660897,0.8143967895660897,0.8143967895660897,ale_5_1,2642.476496219635
macro avg,0.7391034301862327,0.8844756772051444,0.7606735579478268,3987.0,ale_5_1,2642.476496219635
weighted avg,0.9088215365575384,0.8143967895660897,0.8351011371669874,3987.0,ale_5_1,2642.476496219635
