,precision,recall,f1-score,support,modelo,tempo
0,0.9916743755781684,0.9739551786795881,0.982734912146677,3302.0,ale_5_1,2633.7356560230255
1,0.8844086021505376,0.9605839416058394,0.920923722883135,685.0,ale_5_1,2633.7356560230255
accuracy,0.9716578881364435,0.9716578881364435,0.9716578881364435,0.9716578881364435,ale_5_1,2633.7356560230255
macro avg,0.938041488864353,0.9672695601427137,0.951829317514906,3987.0,ale_5_1,2633.7356560230255
weighted avg,0.9732452171136771,0.9716578881364435,0.9721152320248996,3987.0,ale_5_1,2633.7356560230255
