,precision,recall,f1-score,support,modelo
0,1.0,0.6738351254480287,0.8051391862955032,279.0,ale_1_1
1,0.7465181058495822,1.0,0.8548644338118022,268.0,ale_1_1
accuracy,0.8336380255941499,0.8336380255941499,0.8336380255941499,0.8336380255941499,ale_1_1
macro avg,0.8732590529247911,0.8369175627240144,0.8300018100536527,547.0,ale_1_1
weighted avg,0.8758077739811482,0.8336380255941499,0.8295018304168342,547.0,ale_1_1
