,precision,recall,f1-score,support,modelo,tempo
0,0.8920470073790653,0.9884918231374924,0.9377962936359717,3302.0,ale_5_1,12.405998229980469
1,0.8841463414634146,0.4233576642335766,0.5725567620927936,685.0,ale_5_1,12.405998229980469
accuracy,0.891397040381239,0.891397040381239,0.891397040381239,0.891397040381239,ale_5_1,12.405998229980469
macro avg,0.88809667442124,0.7059247436855345,0.7551765278643827,3987.0,ale_5_1,12.405998229980469
weighted avg,0.8906896067890927,0.891397040381239,0.8750450824227596,3987.0,ale_5_1,12.405998229980469
