,precision,recall,f1-score,support,modelo,tempo
0,0.6217765042979942,0.9833836858006042,0.7618490345231129,662.0,ale_1_1,6.8325347900390625
1,0.9609929078014184,0.4062968515742129,0.5711275026343521,667.0,ale_1_1,6.8325347900390625
accuracy,0.6937547027840482,0.6937547027840482,0.6937547027840482,0.6937547027840482,ale_1_1,6.8325347900390625
macro avg,0.7913847060497063,0.6948402686874086,0.6664882685787326,1329.0,ale_1_1,6.8325347900390625
weighted avg,0.7920228106462138,0.6937547027840482,0.66612949970761,1329.0,ale_1_1,6.8325347900390625
