,precision,recall,f1-score,support,modelo
0,1.0,0.7096774193548387,0.8301886792452831,279.0,ale_1_1
1,0.7679083094555874,1.0,0.8687196110210698,268.0,ale_1_1
accuracy,0.8519195612431444,0.8519195612431444,0.8519195612431444,0.8519195612431444,ale_1_1
macro avg,0.8839541547277937,0.8548387096774194,0.8494541451331764,547.0,ale_1_1
weighted avg,0.8862878006107814,0.8519195612431444,0.84906672260161,547.0,ale_1_1
