,precision,recall,f1-score,support,modelo
0,1.0,0.556390977443609,0.714975845410628,266.0,hn_1_1
1,0.7042606516290727,1.0,0.8264705882352942,281.0,hn_1_1
accuracy,0.7842778793418648,0.7842778793418648,0.7842778793418648,0.7842778793418648,hn_1_1
macro avg,0.8521303258145363,0.7781954887218046,0.7707232168229611,547.0,hn_1_1
weighted avg,0.8480753987344962,0.7842778793418648,0.7722519381596796,547.0,hn_1_1
