,precision,recall,f1-score,support,modelo
0,1.0,0.8130081300813008,0.8968609865470852,1353.0,ale_5_1
1,0.5314814814814814,1.0,0.6940749697702538,287.0,ale_5_1
accuracy,0.8457317073170731,0.8457317073170731,0.8457317073170731,0.8457317073170731,ale_5_1
macro avg,0.7657407407407407,0.9065040650406504,0.7954679781586695,1640.0,ale_5_1
weighted avg,0.9180092592592592,0.8457317073170731,0.8613734336111398,1640.0,ale_5_1
