,precision,recall,f1-score,support,modelo,tempo
0,0.9347826086956522,0.33076923076923076,0.4886363636363636,650.0,hn_1_1,897.1855988502502
1,0.6041856232939036,0.9779086892488954,0.7469066366704162,679.0,hn_1_1,897.1855988502502
accuracy,0.6613995485327314,0.6613995485327314,0.6613995485327314,0.6613995485327314,hn_1_1,897.1855988502502
macro avg,0.7694841159947778,0.6543389600090631,0.6177715001533899,1329.0,hn_1_1,897.1855988502502
weighted avg,0.7658771511427649,0.6613995485327314,0.620589347376109,1329.0,hn_1_1,897.1855988502502
