,precision,recall,f1-score,support,modelo,tempo
0,0.9859783301465902,0.4661042482675505,0.6329787234042553,3319.0,hn_5_1,2648.959814786911
1,0.26716294458229944,0.9670658682634731,0.4186649384316267,668.0,hn_5_1,2648.959814786911
accuracy,0.5500376222723853,0.5500376222723853,0.5500376222723853,0.5500376222723853,hn_5_1,2648.959814786911
macro avg,0.6265706373644448,0.7165850582655118,0.525821830917941,3987.0,hn_5_1,2648.959814786911
weighted avg,0.8655447516271655,0.5500376222723853,0.597071623238287,3987.0,hn_5_1,2648.959814786911
