,precision,recall,f1-score,support,modelo,tempo
0,1.0,0.7892186553603876,0.882193635748138,3302.0,ale_5_1,3010.3565306663513
1,0.4960173787110789,1.0,0.6631171345595354,685.0,ale_5_1,3010.3565306663513
accuracy,0.8254326561324304,0.8254326561324304,0.8254326561324304,0.8254326561324304,ale_5_1,3010.3565306663513
macro avg,0.7480086893555394,0.8946093276801939,0.7726553851538367,3987.0,ale_5_1,3010.3565306663513
weighted avg,0.9134115636862525,0.8254326561324304,0.8445544575905778,3987.0,ale_5_1,3010.3565306663513
