,precision,recall,f1-score,support,modelo,tempo
0,0.9666666666666667,0.2230769230769231,0.36250000000000004,650.0,hn_1_1,1037.7518389225006
1,0.5716709075487701,0.9926362297496318,0.7255113024757804,679.0,hn_1_1,1037.7518389225006
accuracy,0.6162528216704289,0.6162528216704289,0.6162528216704289,0.6162528216704289,hn_1_1,1037.7518389225006
macro avg,0.7691687871077184,0.6078565764132775,0.5440056512378902,1329.0,hn_1_1,1037.7518389225006
weighted avg,0.764859202075958,0.6162528216704289,0.5479662711670842,1329.0,hn_1_1,1037.7518389225006
