,precision,recall,f1-score,support,modelo,tempo
0,0.9818819403857393,0.5061765592045797,0.6679920477137177,3319.0,hn_5_1,3045.30695772171
1,0.27987697715289983,0.9535928143712575,0.4327445652173913,668.0,hn_5_1,3045.30695772171
accuracy,0.5811387007775269,0.5811387007775269,0.5811387007775269,0.5811387007775269,hn_5_1,3045.30695772171
macro avg,0.6308794587693196,0.7298846867879186,0.5503683064655545,3987.0,hn_5_1,3045.30695772171
weighted avg,0.8642648560016066,0.5811387007775269,0.6285776212508268,3987.0,hn_5_1,3045.30695772171
