,precision,recall,f1-score,support,modelo,tempo
0,0.9941735663906777,0.9818291944276196,0.9879628218802378,3302.0,ale_5_1,3010.3565306663513
1,0.9173553719008265,0.9722627737226277,0.9440113394755493,685.0,ale_5_1,3010.3565306663513
accuracy,0.9801856032104339,0.9801856032104339,0.9801856032104339,0.9801856032104339,ale_5_1,3010.3565306663513
macro avg,0.9557644691457521,0.9770459840751237,0.9659870806778935,3987.0,ale_5_1,3010.3565306663513
weighted avg,0.9809755570539463,0.9801856032104339,0.9804115890116119,3987.0,ale_5_1,3010.3565306663513
