,precision,recall,f1-score,support,modelo,tempo
0,0.9967159277504105,0.9169184290030211,0.9551534225019669,662.0,ale_1_1,1017.8204982280731
1,0.9236111111111112,0.9970014992503748,0.958904109589041,667.0,ale_1_1,1017.8204982280731
accuracy,0.9571106094808126,0.9571106094808126,0.9571106094808126,0.9571106094808126,ale_1_1,1017.8204982280731
macro avg,0.9601635194307608,0.9569599641266979,0.9570287660455039,1329.0,ale_1_1,1017.8204982280731
weighted avg,0.960026000964547,0.9571106094808126,0.957035821514065,1329.0,ale_1_1,1017.8204982280731
