,precision,recall,f1-score,support,modelo,tempo
0,0.9433070866141732,0.9023802350105453,0.922389898367724,3319.0,hn_5_1,3045.30695772171
1,0.6009852216748769,0.7305389221556886,0.6594594594594594,668.0,hn_5_1,3045.30695772171
accuracy,0.873589164785553,0.873589164785553,0.873589164785553,0.873589164785553,hn_5_1,3045.30695772171
macro avg,0.772146154144525,0.816459578583117,0.7909246789135917,3987.0,hn_5_1,3045.30695772171
weighted avg,0.8859529341738798,0.873589164785553,0.8783373442692236,3987.0,hn_5_1,3045.30695772171
