,precision,recall,f1-score,support,modelo,tempo
0,0.8241308793456033,0.62,0.707638279192274,650.0,hn_1_1,900.2695732116699
1,0.705952380952381,0.8733431516936672,0.7807768268597762,679.0,hn_1_1,900.2695732116699
accuracy,0.7494356659142212,0.7494356659142212,0.7494356659142212,0.7494356659142212,hn_1_1,900.2695732116699
macro avg,0.7650416301489922,0.7466715758468336,0.744207553026025,1329.0,hn_1_1,900.2695732116699
weighted avg,0.7637522484885695,0.7494356659142212,0.7450055281510655,1329.0,hn_1_1,900.2695732116699
