,precision,recall,f1-score,support,modelo,tempo
0,0.9309815950920245,0.9144320578487496,0.9226326189390485,3319.0,hn_5_1,2655.919296979904
1,0.609353507565337,0.6631736526946108,0.635125448028674,668.0,hn_5_1,2655.919296979904
accuracy,0.872335089039378,0.872335089039378,0.872335089039378,0.872335089039378,hn_5_1,2655.919296979904
macro avg,0.7701675513286808,0.7888028552716801,0.7788790334838612,3987.0,hn_5_1,2655.919296979904
weighted avg,0.8770945716488775,0.872335089039378,0.8744623680817296,3987.0,hn_5_1,2655.919296979904
