,precision,recall,f1-score,support,modelo,tempo
0,0.8494845360824742,0.9981829194427619,0.9178501810080757,3302.0,ale_5_1,12.405998229980469
1,0.9439252336448598,0.14744525547445256,0.2550505050505051,685.0,ale_5_1,12.405998229980469
accuracy,0.8520190619513419,0.8520190619513419,0.8520190619513419,0.8520190619513419,ale_5_1,12.405998229980469
macro avg,0.896704884863667,0.5728140874586073,0.5864503430292904,3987.0,ale_5_1,12.405998229980469
weighted avg,0.8657102390747576,0.8520190619513419,0.8039756442558971,3987.0,ale_5_1,12.405998229980469
