,precision,recall,f1-score,support,modelo,tempo
0,0.7849462365591398,0.08797830671889123,0.1582227038742888,3319.0,hn_5_1,14.452998876571655
1,0.16265560165975104,0.8802395209580839,0.2745738968013075,668.0,hn_5_1,14.452998876571655
accuracy,0.22071733132681215,0.22071733132681215,0.22071733132681215,0.22071733132681215,hn_5_1,14.452998876571655
macro avg,0.4738009191094454,0.48410891383848753,0.21639830033779817,3987.0,hn_5_1,14.452998876571655
weighted avg,0.6806848510279654,0.22071733132681215,0.17771670860848707,3987.0,hn_5_1,14.452998876571655
