,precision,recall,f1-score,support,modelo,tempo
0,0.528,0.9969788519637462,0.6903765690376571,662.0,ale_1_1,0.15600109100341797
1,0.9746835443037974,0.11544227886056972,0.20643431635388743,667.0,ale_1_1,0.15600109100341797
accuracy,0.5545522949586155,0.5545522949586155,0.5545522949586155,0.5545522949586155,ale_1_1,0.15600109100341797
macro avg,0.7513417721518987,0.556210565412158,0.44840544269577226,1329.0,ale_1_1,0.15600109100341797
weighted avg,0.7521820346505892,0.5545522949586155,0.44749509233331225,1329.0,ale_1_1,0.15600109100341797
