,precision,recall,f1-score,support,modelo,tempo
0,0.8441259278218582,0.9987886129618413,0.9149674018587876,3302.0,ale_5_1,0.5869998931884766
1,0.95,0.11094890510948906,0.19869281045751636,685.0,ale_5_1,0.5869998931884766
accuracy,0.8462503135189365,0.8462503135189365,0.8462503135189365,0.8462503135189365,ale_5_1,0.5869998931884766
macro avg,0.8970629639109291,0.5548687590356651,0.556830106158152,3987.0,ale_5_1,0.5869998931884766
weighted avg,0.8623159803530915,0.8462503135189365,0.7919054266619301,3987.0,ale_5_1,0.5869998931884766
