,precision,recall,f1-score,support,modelo,tempo
0,0.8346608074704751,0.9156372401325701,0.8732758620689656,3319.0,hn_5_1,0.43900299072265625
1,0.1907514450867052,0.09880239520958084,0.1301775147928994,668.0,hn_5_1,0.43900299072265625
accuracy,0.7787810383747178,0.7787810383747178,0.7787810383747178,0.7787810383747178,hn_5_1,0.43900299072265625
macro avg,0.5127061262785901,0.5072198176710755,0.5017266884309325,3987.0,hn_5_1,0.43900299072265625
weighted avg,0.7267773226266431,0.7787810383747178,0.7487738063929154,3987.0,hn_5_1,0.43900299072265625
