,precision,recall,f1-score,support,modelo,tempo
0,0.9974683544303797,0.8352513628104179,0.9091808142409757,3302.0,ale_5_1,2642.476496219635
1,0.5548281505728314,0.9897810218978103,0.7110644992134243,685.0,ale_5_1,2642.476496219635
accuracy,0.8618008527715074,0.8618008527715074,0.8618008527715074,0.8618008527715074,ale_5_1,2642.476496219635
macro avg,0.7761482525016056,0.9125161923541141,0.8101226567272,3987.0,ale_5_1,2642.476496219635
weighted avg,0.9214190593106355,0.8618008527715074,0.8751427716541001,3987.0,ale_5_1,2642.476496219635
