,precision,recall,f1-score,support,modelo,tempo
0,0.6512549537648613,0.7584615384615384,0.7007818052594172,650.0,hn_1_1,900.2695732116699
1,0.7255244755244755,0.6111929307805597,0.6634692246203039,679.0,hn_1_1,900.2695732116699
accuracy,0.6832204665161776,0.6832204665161776,0.6832204665161776,0.6832204665161776,hn_1_1,900.2695732116699
macro avg,0.6883897146446685,0.6848272346210491,0.6821255149398606,1329.0,hn_1_1,900.2695732116699
weighted avg,0.6892000292161615,0.6832204665161776,0.6817184175589222,1329.0,hn_1_1,900.2695732116699
