,precision,recall,f1-score,support,modelo,tempo
0,0.9667817083692839,0.6752033745103947,0.7951037786056413,3319.0,hn_5_1,2655.919296979904
1,0.35410425404433793,0.8847305389221557,0.5057766367137356,668.0,hn_5_1,2655.919296979904
accuracy,0.710308502633559,0.710308502633559,0.710308502633559,0.710308502633559,hn_5_1,2655.919296979904
macro avg,0.6604429812068109,0.7799669567162753,0.6504402076596885,3987.0,hn_5_1,2655.919296979904
weighted avg,0.8641309585601381,0.710308502633559,0.7466286015843739,3987.0,hn_5_1,2655.919296979904
