,precision,recall,f1-score,support,modelo
0,0.96875,0.30392156862745096,0.462686567164179,102.0,hn_1_1
1,0.5670731707317073,0.9893617021276596,0.7209302325581395,94.0,hn_1_1
accuracy,0.6326530612244898,0.6326530612244898,0.6326530612244898,0.6326530612244898,hn_1_1
macro avg,0.7679115853658536,0.6466416353775553,0.5918083998611592,196.0,hn_1_1
weighted avg,0.7761090716774515,0.6326530612244898,0.5865381209755682,196.0,hn_1_1
