,precision,recall,f1-score,support,modelo
0,0.9959785522788204,0.5376266280752533,0.6983082706766919,1382.0,hn_5_1
1,0.28523489932885904,0.9883720930232558,0.44270833333333337,258.0,hn_5_1
accuracy,0.6085365853658536,0.6085365853658536,0.6085365853658536,0.6085365853658536,hn_5_1
macro avg,0.6406067258038397,0.7629993605492545,0.5705083020050126,1640.0,hn_5_1
weighted avg,0.8841664410220581,0.6085365853658538,0.6580980366312124,1640.0,hn_5_1
