,precision,recall,f1-score,support,modelo,tempo
0,0.917981072555205,0.44769230769230767,0.6018614270941054,650.0,hn_1_1,897.1855988502502
1,0.6452569169960475,0.9617083946980854,0.7723240685984625,679.0,hn_1_1,897.1855988502502
accuracy,0.710308502633559,0.710308502633559,0.710308502633559,0.710308502633559,hn_1_1,897.1855988502502
macro avg,0.7816189947756262,0.7047003511951966,0.6870927478462839,1329.0,hn_1_1,897.1855988502502
weighted avg,0.7786434490603458,0.710308502633559,0.688952573506038,1329.0,hn_1_1,897.1855988502502
