,precision,recall,f1-score,support,modelo,tempo
0,0.9824832560535807,0.5745706538113889,0.7250950570342205,3319.0,hn_5_1,2648.959814786911
1,0.3098729227761486,0.9491017964071856,0.46720707442888726,668.0,hn_5_1,2648.959814786911
accuracy,0.63732129420617,0.63732129420617,0.63732129420617,0.63732129420617,hn_5_1,2648.959814786911
macro avg,0.6461780894148647,0.7618362251092873,0.5961510657315539,3987.0,hn_5_1,2648.959814786911
weighted avg,0.8697910808267624,0.63732129420617,0.6818873388550476,3987.0,hn_5_1,2648.959814786911
