,precision,recall,f1-score,support,modelo,tempo
0,0.9959589679825924,0.970321017565112,0.9829728485964104,3302.0,ale_5_1,2633.7356560230255
1,0.8727272727272727,0.981021897810219,0.9237113402061855,685.0,ale_5_1,2633.7356560230255
accuracy,0.9721595184349134,0.9721595184349134,0.9721595184349134,0.9721595184349134,ale_5_1,2633.7356560230255
macro avg,0.9343431203549326,0.9756714576876655,0.953342094401298,3987.0,ale_5_1,2633.7356560230255
weighted avg,0.9747867303979688,0.9721595184349134,0.9727912250079218,3987.0,ale_5_1,2633.7356560230255
