,precision,recall,f1-score,support,modelo,tempo
0,0.9190751445086706,0.48923076923076925,0.6385542168674699,650.0,hn_1_1,897.1855988502502
1,0.6622583926754833,0.9587628865979382,0.7833935018050541,679.0,hn_1_1,897.1855988502502
accuracy,0.7291196388261851,0.7291196388261851,0.7291196388261851,0.7291196388261851,hn_1_1,897.1855988502502
macro avg,0.790666768592077,0.7239968279143537,0.710973859336262,1329.0,hn_1_1,897.1855988502502
weighted avg,0.7878647799528135,0.7291196388261851,0.712554122414964,1329.0,hn_1_1,897.1855988502502
