,precision,recall,f1-score,support,modelo,tempo
0,0.3,0.046153846153846156,0.08,650.0,hn_1_1,5.867987871170044
1,0.4955248169243287,0.8969072164948454,0.6383647798742139,679.0,hn_1_1,5.867987871170044
accuracy,0.48081264108352145,0.48081264108352145,0.48081264108352145,0.48081264108352145,hn_1_1,5.867987871170044
macro avg,0.3977624084621644,0.47153053132434575,0.35918238993710694,1329.0,hn_1_1,5.867987871170044
weighted avg,0.3998956739590814,0.48081264108352145,0.36527440597034705,1329.0,hn_1_1,5.867987871170044
