,precision,recall,f1-score,support,modelo,tempo
0,0.9987484355444305,0.241671714112659,0.38917337234820776,3302.0,ale_5_1,12.405998229980469
1,0.21455457967377667,0.9985401459854014,0.3532145623547638,685.0,ale_5_1,12.405998229980469
accuracy,0.37170805116629047,0.37170805116629047,0.37170805116629047,0.37170805116629047,ale_5_1,12.405998229980469
macro avg,0.6066515076091036,0.6201059300490303,0.3711939673514858,3987.0,ale_5_1,12.405998229980469
weighted avg,0.8640173617367058,0.37170805116629047,0.38299534755625664,3987.0,ale_5_1,12.405998229980469
