,precision,recall,f1-score,support,modelo
0,1.0,0.7649667405764967,0.8668341708542713,1353.0,ale_5_1
1,0.4743801652892562,1.0,0.6434977578475337,287.0,ale_5_1
accuracy,0.8060975609756098,0.8060975609756098,0.8060975609756098,0.8060975609756098,ale_5_1
macro avg,0.737190082644628,0.8824833702882484,0.7551659643509026,1640.0,ale_5_1
weighted avg,0.9080165289256198,0.8060975609756098,0.8277502985780921,1640.0,ale_5_1
