,precision,recall,f1-score,support,modelo,tempo
0,0.7212765957446808,0.10213919855378126,0.17893903404592237,3319.0,hn_5_1,0.43900299072265625
1,0.1526869491043503,0.8038922155688623,0.25663082437275986,668.0,hn_5_1,0.43900299072265625
accuracy,0.2197140707298721,0.2197140707298721,0.2197140707298721,0.2197140707298721,hn_5_1,0.43900299072265625
macro avg,0.4369817724245156,0.45301570706132177,0.21778492920934112,3987.0,hn_5_1,0.43900299072265625
weighted avg,0.6260125164981946,0.2197140707298721,0.19195586774001,3987.0,hn_5_1,0.43900299072265625
