,precision,recall,f1-score,support,modelo,tempo
0,0.9939508506616257,0.7961841308298001,0.8841432655120229,3302.0,ale_5_1,0.5869998931884766
1,0.49850968703427717,0.9766423357664233,0.6600888011840158,685.0,ale_5_1,0.5869998931884766
accuracy,0.8271883621770755,0.8271883621770755,0.8271883621770755,0.8271883621770755,ale_5_1,0.5869998931884766
macro avg,0.7462302688479514,0.8864132332981117,0.7721160333480194,3987.0,ale_5_1,0.5869998931884766
weighted avg,0.9088299083278575,0.8271883621770755,0.8456488315855909,3987.0,ale_5_1,0.5869998931884766
