,precision,recall,f1-score,support,modelo,tempo
0,0.0,0.0,0.0,650.0,hn_1_1,0.12901592254638672
1,0.506079027355623,0.9808541973490427,0.6676691729323309,679.0,hn_1_1,0.12901592254638672
accuracy,0.5011286681715575,0.5011286681715575,0.5011286681715575,0.5011286681715575,hn_1_1,0.12901592254638672
macro avg,0.2530395136778115,0.49042709867452133,0.33383458646616543,1329.0,hn_1_1,0.12901592254638672
weighted avg,0.25856106815234614,0.5011286681715575,0.3411191635974813,1329.0,hn_1_1,0.12901592254638672
