,precision,recall,f1-score,support,modelo,tempo
0,0.9418886198547215,0.5876132930513596,0.7237209302325581,662.0,ale_1_1,6.7939982414245605
1,0.7019650655021834,0.9640179910044977,0.8123815540113708,667.0,ale_1_1,6.7939982414245605
accuracy,0.7765237020316027,0.7765237020316027,0.7765237020316027,0.7765237020316027,ale_1_1,6.7939982414245605
macro avg,0.8219268426784525,0.7758156420279286,0.7680512421219645,1329.0,ale_1_1,6.7939982414245605
weighted avg,0.8214755192127781,0.7765237020316027,0.768218022828847,1329.0,ale_1_1,6.7939982414245605
