,precision,recall,f1-score,support,modelo,tempo
0,0.9812925170068028,0.8716012084592145,0.9232,662.0,ale_1_1,890.5429136753082
1,0.8852901484480432,0.9835082458770614,0.9318181818181819,667.0,ale_1_1,890.5429136753082
accuracy,0.927765237020316,0.927765237020316,0.927765237020316,0.927765237020316,ale_1_1,890.5429136753082
macro avg,0.933291332727423,0.9275547271681379,0.927509090909091,1329.0,ale_1_1,890.5429136753082
weighted avg,0.9331107413644455,0.927765237020316,0.9275253026882824,1329.0,ale_1_1,890.5429136753082
