,precision,recall,f1-score,support,modelo,tempo
0,0.9857142857142858,0.9380664652567976,0.9613003095975233,662.0,ale_1_1,890.5429136753082
1,0.9413447782546495,0.9865067466266867,0.9633967789165446,667.0,ale_1_1,890.5429136753082
accuracy,0.9623777276147479,0.9623777276147479,0.9623777276147479,0.9623777276147479,ale_1_1,890.5429136753082
macro avg,0.9635295319844677,0.9622866059417421,0.962348544257034,1329.0,ale_1_1,890.5429136753082
weighted avg,0.9634460678997053,0.9623777276147479,0.9623524879540224,1329.0,ale_1_1,890.5429136753082
