,precision,recall,f1-score,support,modelo,tempo
0,0.9929620563035496,0.9827377347062386,0.9878234398782344,3302.0,ale_5_1,2642.476496219635
1,0.9207232267037552,0.9664233576642336,0.9430199430199431,685.0,ale_5_1,2642.476496219635
accuracy,0.9799347880611989,0.9799347880611989,0.9799347880611989,0.9799347880611989,ale_5_1,2642.476496219635
macro avg,0.9568426415036524,0.9745805461852362,0.9654216914490887,3987.0,ale_5_1,2642.476496219635
weighted avg,0.9805508202173044,0.9799347880611989,0.9801258237889618,3987.0,ale_5_1,2642.476496219635
