,precision,recall,f1-score,support,modelo,tempo
0,0.8631090487238979,0.5723076923076923,0.6882516188714153,650.0,hn_1_1,900.2695732116699
1,0.6904231625835189,0.9131075110456554,0.786303107165504,679.0,hn_1_1,900.2695732116699
accuracy,0.746425884123401,0.746425884123401,0.746425884123401,0.746425884123401,hn_1_1,900.2695732116699
macro avg,0.7767661056537084,0.7427076016766738,0.7372773630184597,1329.0,hn_1_1,900.2695732116699
weighted avg,0.7748820233745244,0.746425884123401,0.7383471497605698,1329.0,hn_1_1,900.2695732116699
