,precision,recall,f1-score,support,modelo,tempo
0,0.9420913302448709,0.8577884905091895,0.8979656205645796,3319.0,hn_5_1,2655.919296979904
1,0.510880829015544,0.7380239520958084,0.6037966932026944,668.0,hn_5_1,2655.919296979904
accuracy,0.8377225984449461,0.8377225984449461,0.8377225984449461,0.8377225984449461,hn_5_1,2655.919296979904
macro avg,0.7264860796302075,0.797906221302499,0.750881156883637,3987.0,hn_5_1,2655.919296979904
weighted avg,0.8698443739315551,0.8377225984449461,0.8486792289223074,3987.0,hn_5_1,2655.919296979904
