,precision,recall,f1-score,support,modelo
0,0.996031746031746,0.5448625180897251,0.7043966323666978,1382.0,hn_5_1
1,0.28846153846153844,0.9883720930232558,0.44658493870402804,258.0,hn_5_1
accuracy,0.6146341463414634,0.6146341463414634,0.6146341463414634,0.6146341463414634,hn_5_1
macro avg,0.6422466422466422,0.7666173055564904,0.5754907855353629,1640.0,hn_5_1
weighted avg,0.8847188719139939,0.6146341463414635,0.6638384512904973,1640.0,hn_5_1
