,precision,recall,f1-score,support,modelo,tempo
0,0.9915861639139919,0.9636583888552392,0.9774228229150668,3302.0,ale_5_1,2642.476496219635
1,0.8457583547557841,0.9605839416058394,0.8995215311004784,685.0,ale_5_1,2642.476496219635
accuracy,0.963130173062453,0.963130173062453,0.963130173062453,0.963130173062453,ale_5_1,2642.476496219635
macro avg,0.9186722593348879,0.9621211652305393,0.9384721770077726,3987.0,ale_5_1,2642.476496219635
weighted avg,0.9665317246680997,0.963130173062453,0.9640387283845945,3987.0,ale_5_1,2642.476496219635
