,precision,recall,f1-score,support,modelo,tempo
0,0.7146017699115044,0.9758308157099698,0.8250319284802043,662.0,ale_1_1,890.5429136753082
1,0.9623529411764706,0.6131934032983508,0.7490842490842491,667.0,ale_1_1,890.5429136753082
accuracy,0.7938299473288186,0.7938299473288186,0.7938299473288186,0.7938299473288186,ale_1_1,890.5429136753082
macro avg,0.8384773555439875,0.7945121095041603,0.7870580887822267,1329.0,ale_1_1,890.5429136753082
weighted avg,0.8389434036464423,0.7938299473288186,0.7869152225681636,1329.0,ale_1_1,890.5429136753082
