,precision,recall,f1-score,support,modelo,tempo
0,0.49019607843137253,1.0,0.6578947368421052,650.0,hn_1_1,900.2695732116699
1,1.0,0.004418262150220913,0.00879765395894428,679.0,hn_1_1,900.2695732116699
accuracy,0.49134687735139204,0.49134687735139204,0.49134687735139204,0.49134687735139204,hn_1_1,900.2695732116699
macro avg,0.7450980392156863,0.5022091310751104,0.33334619540052474,1329.0,hn_1_1,900.2695732116699
weighted avg,0.7506602339957804,0.49134687735139204,0.3262642482960809,1329.0,hn_1_1,900.2695732116699
