,precision,recall,f1-score,support,modelo,tempo
0,0.9984894259818731,0.8007268322228952,0.8887394957983193,3302.0,ale_5_1,2642.476496219635
1,0.508588498879761,0.9941605839416059,0.6729249011857709,685.0,ale_5_1,2642.476496219635
accuracy,0.8339603712064209,0.8339603712064209,0.8339603712064209,0.8339603712064209,ale_5_1,2642.476496219635
macro avg,0.7535389624308171,0.8974437080822506,0.7808321984920451,3987.0,ale_5_1,2642.476496219635
weighted avg,0.9143203426949538,0.8339603712064209,0.8516607405162537,3987.0,ale_5_1,2642.476496219635
