,precision,recall,f1-score,support,modelo,tempo
0,1.0,0.6419939577039275,0.78196872125115,662.0,ale_1_1,890.5429136753082
1,0.7378318584070797,1.0,0.8491406747294717,667.0,ale_1_1,890.5429136753082
accuracy,0.8216704288939052,0.8216704288939052,0.8216704288939052,0.8216704288939052,ale_1_1,890.5429136753082
macro avg,0.8689159292035398,0.8209969788519638,0.8155546979903109,1329.0,ale_1_1,890.5429136753082
weighted avg,0.8684227611418526,0.8216704288939052,0.8156810560668313,1329.0,ale_1_1,890.5429136753082
