,precision,recall,f1-score,support,modelo,tempo
0,0.7321428571428571,0.012353118409159385,0.024296296296296295,3319.0,hn_5_1,14.452998876571655
1,0.16611549224116,0.9775449101796407,0.28397477712546204,668.0,hn_5_1,14.452998876571655
accuracy,0.17406571356909958,0.17406571356909958,0.17406571356909958,0.17406571356909958,hn_5_1,14.452998876571655
macro avg,0.4491291746920085,0.4949490142944001,0.15413553671087918,3987.0,hn_5_1,14.452998876571655
weighted avg,0.637308074159578,0.17406571356909958,0.06780400264038527,3987.0,hn_5_1,14.452998876571655
