,precision,recall,f1-score,support,modelo,tempo
0,0.975356294536817,0.9948516050878256,0.985007496251874,3302.0,ale_5_1,2642.476496219635
1,0.9725363489499192,0.8788321167883212,0.9233128834355828,685.0,ale_5_1,2642.476496219635
accuracy,0.9749184850764986,0.9749184850764986,0.9749184850764986,0.9749184850764986,ale_5_1,2642.476496219635
macro avg,0.9739463217433681,0.9368418609380733,0.9541601898437284,3987.0,ale_5_1,2642.476496219635
weighted avg,0.9748718042616664,0.9749184850764986,0.9744078449403215,3987.0,ale_5_1,2642.476496219635
