,precision,recall,f1-score,support,modelo,tempo
0,0.6970954356846473,0.7753846153846153,0.7341587764020393,650.0,hn_1_1,900.2695732116699
1,0.759075907590759,0.6774668630338734,0.7159533073929962,679.0,hn_1_1,900.2695732116699
accuracy,0.7253574115876599,0.7253574115876599,0.7253574115876599,0.7253574115876599,hn_1_1,900.2695732116699
macro avg,0.7280856716377031,0.7264257392092444,0.7250560418975178,1329.0,hn_1_1,900.2695732116699
weighted avg,0.7287619070347223,0.7253574115876599,0.7248574118744696,1329.0,hn_1_1,900.2695732116699
