,precision,recall,f1-score,support,modelo,tempo
0,0.8784515430427721,0.9777041277493221,0.925424212177385,3319.0,hn_5_1,2655.919296979904
1,0.7474402730375427,0.3278443113772455,0.4557752341311134,668.0,hn_5_1,2655.919296979904
accuracy,0.8688236769500878,0.8688236769500878,0.8688236769500878,0.8688236769500878,hn_5_1,2655.919296979904
macro avg,0.8129459080401573,0.6527742195632839,0.6905997231542492,3987.0,hn_5_1,2655.919296979904
weighted avg,0.8565013227359014,0.8688236769500878,0.8467370997281979,3987.0,hn_5_1,2655.919296979904
