,precision,recall,f1-score,support,modelo
0,0.8571428571428571,0.05172413793103448,0.09756097560975609,116.0,hn_1_1
1,0.5258620689655172,0.991869918699187,0.6873239436619718,123.0,hn_1_1
accuracy,0.5355648535564853,0.5355648535564853,0.5355648535564853,0.5355648535564853,hn_1_1
macro avg,0.6915024630541872,0.5217970283151108,0.39244245963586394,239.0,hn_1_1
weighted avg,0.6866510707587031,0.5355648535564853,0.401079155820729,239.0,hn_1_1
