,precision,recall,f1-score,support,modelo,tempo
0,1.0,0.06646525679758308,0.12464589235127478,662.0,ale_1_1,1017.8204982280731
1,0.5190661478599222,1.0,0.6834016393442623,667.0,ale_1_1,1017.8204982280731
accuracy,0.5349887133182845,0.5349887133182845,0.5349887133182845,0.5349887133182845,ale_1_1,1017.8204982280731
macro avg,0.7595330739299611,0.5332326283987916,0.40402376584776856,1329.0,ale_1_1,1017.8204982280731
weighted avg,0.758628382710736,0.5349887133182845,0.4050748488932783,1329.0,ale_1_1,1017.8204982280731
