,precision,recall,f1-score,support,modelo,tempo
0,0.9950819672131147,0.1828864115697499,0.30898447442097227,3319.0,hn_5_1,3045.30695772171
1,0.19692034350014806,0.9955089820359282,0.3288009888751545,668.0,hn_5_1,3045.30695772171
accuracy,0.3190368698269376,0.3190368698269376,0.3190368698269376,0.3190368698269376,hn_5_1,3045.30695772171
macro avg,0.5960011553566313,0.5891976968028391,0.3188927316480634,3987.0,hn_5_1,3045.30695772171
weighted avg,0.8613543613339419,0.3190368698269376,0.3123046228171081,3987.0,hn_5_1,3045.30695772171
