,precision,recall,f1-score,support,modelo,tempo
0,0.7313868613138687,0.7707692307692308,0.750561797752809,650.0,hn_1_1,897.1855988502502
1,0.7686335403726708,0.7290132547864506,0.7482993197278911,679.0,hn_1_1,897.1855988502502
accuracy,0.7494356659142212,0.7494356659142212,0.7494356659142212,0.7494356659142212,hn_1_1,897.1855988502502
macro avg,0.7500102008432697,0.7498912427778407,0.74943055874035,1329.0,hn_1_1,897.1855988502502
weighted avg,0.7504165792077186,0.7494356659142212,0.7494058740666395,1329.0,hn_1_1,897.1855988502502
