,precision,recall,f1-score,support,modelo,tempo
0,0.9274537695590327,0.9848942598187311,0.9553113553113552,662.0,ale_1_1,890.5429136753082
1,0.9840255591054313,0.9235382308845578,0.9528228924980666,667.0,ale_1_1,890.5429136753082
accuracy,0.9541008276899925,0.9541008276899925,0.9541008276899925,0.9541008276899925,ale_1_1,890.5429136753082
macro avg,0.955739664332232,0.9542162453516445,0.9540671239047109,1329.0,ale_1_1,890.5429136753082
weighted avg,0.9558460822960139,0.9541008276899925,0.954062442823422,1329.0,ale_1_1,890.5429136753082
