,precision,recall,f1-score,support,modelo,tempo
0,0.9933665008291874,0.904833836858006,0.9470355731225296,662.0,ale_1_1,890.5429136753082
1,0.9132231404958677,0.9940029985007496,0.951902368987796,667.0,ale_1_1,890.5429136753082
accuracy,0.9495861550037622,0.9495861550037622,0.9495861550037622,0.9495861550037622,ale_1_1,890.5429136753082
macro avg,0.9532948206625276,0.9494184176793778,0.9494689710551628,1329.0,ale_1_1,890.5429136753082
weighted avg,0.953144061895911,0.9495861550037622,0.949478126051147,1329.0,ale_1_1,890.5429136753082
