,precision,recall,f1-score,support,modelo,tempo
0,0.9953256466188843,0.9672925499697154,0.9811088926432192,3302.0,ale_5_1,2642.476496219635
1,0.8611825192802056,0.9781021897810219,0.9159261790840738,685.0,ale_5_1,2642.476496219635
accuracy,0.9691497366440933,0.9691497366440933,0.9691497366440933,0.9691497366440933,ale_5_1,2642.476496219635
macro avg,0.9282540829495449,0.9726973698753687,0.9485175358636465,3987.0,ale_5_1,2642.476496219635
weighted avg,0.9722787335948074,0.9691497366440933,0.9699099564034364,3987.0,ale_5_1,2642.476496219635
