,precision,recall,f1-score,support,modelo,tempo
0,0.3,0.004615384615384616,0.009090909090909092,650.0,hn_1_1,6.814995765686035
1,0.5094768764215315,0.9896907216494846,0.6726726726726727,679.0,hn_1_1,6.814995765686035
accuracy,0.5079006772009029,0.5079006772009029,0.5079006772009029,0.5079006772009029,hn_1_1,6.814995765686035
macro avg,0.4047384382107657,0.4971530531324346,0.3408817908817909,1329.0,hn_1_1,6.814995765686035
weighted avg,0.40702392708067714,0.5079006772009029,0.34812177250100507,1329.0,hn_1_1,6.814995765686035
