,precision,recall,f1-score,support,modelo
0,1.0,0.15584415584415584,0.2696629213483146,77.0,hn_1_1
1,0.5833333333333334,1.0,0.7368421052631579,91.0,hn_1_1
accuracy,0.6130952380952381,0.6130952380952381,0.6130952380952381,0.6130952380952381,hn_1_1
macro avg,0.7916666666666667,0.577922077922078,0.5032525133057362,168.0,hn_1_1
weighted avg,0.7743055555555556,0.6130952380952381,0.5227183126355214,168.0,hn_1_1
