,precision,recall,f1-score,support,modelo,tempo
0,0.9841017488076311,0.9350453172205438,0.9589465530596437,662.0,ale_1_1,887.6965968608856
1,0.9385714285714286,0.9850074962518741,0.9612289685442574,667.0,ale_1_1,887.6965968608856
accuracy,0.9601203912716328,0.9601203912716328,0.9601203912716328,0.9601203912716328,ale_1_1,887.6965968608856
macro avg,0.9613365886895299,0.960026406736209,0.9600877608019506,1329.0,ale_1_1,887.6965968608856
weighted avg,0.9612509409840442,0.9601203912716328,0.9600920542848034,1329.0,ale_1_1,887.6965968608856
