,precision,recall,f1-score,support,modelo,tempo
0,0.995260663507109,0.9539672925499697,0.9741765888356271,3302.0,ale_5_1,2633.7356560230255
1,0.8150851581508516,0.9781021897810219,0.889183808891838,685.0,ale_5_1,2633.7356560230255
accuracy,0.9581138700777527,0.9581138700777527,0.9581138700777527,0.9581138700777527,ale_5_1,2633.7356560230255
macro avg,0.9051729108289803,0.9660347411654958,0.9316801988637325,3987.0,ale_5_1,2633.7356560230255
weighted avg,0.9643050023159787,0.9581138700777527,0.9595741172375595,3987.0,ale_5_1,2633.7356560230255
