,precision,recall,f1-score,support,modelo,tempo
0,0.6223776223776224,0.8215384615384616,0.7082228116710875,650.0,hn_1_1,897.1855988502502
1,0.7537154989384289,0.5228276877761414,0.6173913043478262,679.0,hn_1_1,897.1855988502502
accuracy,0.6689240030097818,0.6689240030097818,0.6689240030097818,0.6689240030097818,hn_1_1,897.1855988502502
macro avg,0.6880465606580257,0.6721830746573014,0.6628070580094568,1329.0,hn_1_1,897.1855988502502
weighted avg,0.6894795171743023,0.6689240030097818,0.6618160445736501,1329.0,hn_1_1,897.1855988502502
