,precision,recall,f1-score,support,modelo,tempo
0,0.9183420971234147,0.8945465501657126,0.9062881562881563,3319.0,hn_5_1,2655.919296979904
1,0.5358090185676393,0.6047904191616766,0.5682137834036569,668.0,hn_5_1,2655.919296979904
accuracy,0.8459994983697016,0.8459994983697016,0.8459994983697016,0.8459994983697016,hn_5_1,2655.919296979904
macro avg,0.727075557845527,0.7496684846636946,0.7372509698459067,3987.0,hn_5_1,2655.919296979904
weighted avg,0.8542507762116369,0.8459994983697016,0.8496456478640665,3987.0,hn_5_1,2655.919296979904
