,precision,recall,f1-score,support,modelo
0,1.0,0.80622009569378,0.8927152317880795,418.0,ale_5_1
1,0.5149700598802395,1.0,0.6798418972332015,86.0,ale_5_1
accuracy,0.8392857142857143,0.8392857142857143,0.8392857142857143,0.8392857142857143,ale_5_1
macro avg,0.7574850299401197,0.90311004784689,0.7862785645106405,504.0,ale_5_1
weighted avg,0.9172369546621043,0.8392857142857143,0.8563916072410169,504.0,ale_5_1
