,precision,recall,f1-score,support,modelo
0,1.0,0.47580645161290325,0.644808743169399,124.0,ale_1_1
1,0.6388888888888888,1.0,0.7796610169491525,115.0,ale_1_1
accuracy,0.7280334728033473,0.7280334728033473,0.7280334728033473,0.7280334728033473,ale_1_1
macro avg,0.8194444444444444,0.7379032258064516,0.7122348800592757,239.0,ale_1_1
weighted avg,0.8262436076243608,0.7280334728033473,0.7096958205111215,239.0,ale_1_1
