,precision,recall,f1-score,support,modelo,tempo
0,0.984399375975039,0.9531722054380665,0.9685341519570223,662.0,ale_1_1,1017.8204982280731
1,0.9549418604651163,0.9850074962518741,0.9697416974169741,667.0,ale_1_1,1017.8204982280731
accuracy,0.9691497366440933,0.9691497366440933,0.9691497366440933,0.9691497366440933,ale_1_1,1017.8204982280731
macro avg,0.9696706182200776,0.9690898508449703,0.9691379246869982,1329.0,ale_1_1,1017.8204982280731
weighted avg,0.9696152052864623,0.9691497366440933,0.9691401962172088,1329.0,ale_1_1,1017.8204982280731
