,precision,recall,f1-score,support,modelo
0,1.0,0.012987012987012988,0.025641025641025647,77.0,hn_1_1
1,0.5449101796407185,1.0,0.7054263565891472,91.0,hn_1_1
accuracy,0.5476190476190477,0.5476190476190477,0.5476190476190477,0.5476190476190477,hn_1_1
macro avg,0.7724550898203593,0.5064935064935064,0.36553369111508643,168.0,hn_1_1
weighted avg,0.7534930139720559,0.5476190476190477,0.39385807990459154,168.0,hn_1_1
