,precision,recall,f1-score,support,modelo,tempo
0,1.0,0.3700787401574803,0.5402298850574713,3302.0,ale_5_1,3010.3565306663513
1,0.24773960216998192,1.0,0.3971014492753623,685.0,ale_5_1,3010.3565306663513
accuracy,0.47830448959117133,0.47830448959117133,0.47830448959117133,0.47830448959117133,ale_5_1,3010.3565306663513
macro avg,0.623869801084991,0.6850393700787402,0.4686656671664168,3987.0,ale_5_1,3010.3565306663513
weighted avg,0.8707553617974512,0.47830448959117133,0.5156392207708536,3987.0,ale_5_1,3010.3565306663513
