,precision,recall,f1-score,support,modelo,tempo
0,1.0,0.743202416918429,0.8526863084922011,662.0,ale_1_1,1017.8204982280731
1,0.7968936678614098,1.0,0.886968085106383,667.0,ale_1_1,1017.8204982280731
accuracy,0.872084273890143,0.872084273890143,0.872084273890143,0.872084273890143,ale_1_1,1017.8204982280731
macro avg,0.8984468339307049,0.8716012084592145,0.8698271967992921,1329.0,ale_1_1,1017.8204982280731
weighted avg,0.8980647678431606,0.872084273890143,0.8698916847161735,1329.0,ale_1_1,1017.8204982280731
