,precision,recall,f1-score,support,modelo,tempo
0,0.9523099850968704,0.9652567975830816,0.9587396849212304,662.0,ale_1_1,887.6965968608856
1,0.9650455927051672,0.952023988005997,0.9584905660377359,667.0,ale_1_1,887.6965968608856
accuracy,0.9586155003762227,0.9586155003762227,0.9586155003762227,0.9586155003762227,ale_1_1,887.6965968608856
macro avg,0.9586777889010187,0.9586403927945393,0.9586151254794831,1329.0,ale_1_1,887.6965968608856
weighted avg,0.9587017460259403,0.9586155003762227,0.9586146568585585,1329.0,ale_1_1,887.6965968608856
