,precision,recall,f1-score,support,modelo,tempo
0,0.5486238532110091,0.92,0.6873563218390805,650.0,hn_1_1,897.1855988502502
1,0.7824267782426778,0.27540500736377027,0.40740740740740744,679.0,hn_1_1,897.1855988502502
accuracy,0.5906696764484575,0.5906696764484575,0.5906696764484575,0.5906696764484575,hn_1_1,897.1855988502502
macro avg,0.6655253157268435,0.5977025036818852,0.547381864623244,1329.0,hn_1_1,897.1855988502502
weighted avg,0.6680762129525465,0.5906696764484575,0.5443274934725598,1329.0,hn_1_1,897.1855988502502
