,precision,recall,f1-score,support,modelo,tempo
0,0.9435665914221218,0.881590840614643,0.9115264797507787,3319.0,hn_5_1,2648.959814786911
1,0.5564334085778782,0.7380239520958084,0.6344916344916346,668.0,hn_5_1,2648.959814786911
accuracy,0.8575369952345122,0.8575369952345122,0.8575369952345122,0.8575369952345122,hn_5_1,2648.959814786911
macro avg,0.75,0.8098073963552257,0.7730090571212067,3987.0,hn_5_1,2648.959814786911
weighted avg,0.8787045482468134,0.8575369952345122,0.865110809664722,3987.0,hn_5_1,2648.959814786911
