,precision,recall,f1-score,support,modelo,tempo
0,0.40899795501022496,0.6153846153846154,0.4914004914004914,650.0,hn_1_1,6.814995765686035
1,0.28774928774928776,0.1487481590574374,0.19611650485436893,679.0,hn_1_1,6.814995765686035
accuracy,0.37697516930022573,0.37697516930022573,0.37697516930022573,0.37697516930022573,hn_1_1,6.814995765686035
macro avg,0.34837362137975636,0.3820663872210264,0.3437584981274302,1329.0,hn_1_1,6.814995765686035
weighted avg,0.34705074276780484,0.37697516930022573,0.34053681430130617,1329.0,hn_1_1,6.814995765686035
