,precision,recall,f1-score,support,modelo,tempo
0,0.8240514075887393,0.8113889725821031,0.8176711704873236,3319.0,hn_5_1,14.452998876571655
1,0.12934631432545202,0.13922155688622753,0.13410237923576063,668.0,hn_5_1,14.452998876571655
accuracy,0.6987710057687484,0.6987710057687484,0.6987710057687484,0.6987710057687484,hn_5_1,14.452998876571655
macro avg,0.4766988609570957,0.4753052647341653,0.47588677486154213,3987.0,hn_5_1,14.452998876571655
weighted avg,0.7076573764124474,0.6987710057687484,0.7031429656826976,3987.0,hn_5_1,14.452998876571655
