,precision,recall,f1-score,support,modelo
0,1.0,0.5853658536585366,0.7384615384615384,82.0,ale_1_1
1,0.7166666666666667,1.0,0.8349514563106796,86.0,ale_1_1
accuracy,0.7976190476190477,0.7976190476190477,0.7976190476190477,0.7976190476190477,ale_1_1
macro avg,0.8583333333333334,0.7926829268292683,0.786706497386109,168.0,ale_1_1
weighted avg,0.8549603174603174,0.7976190476190477,0.787855186884313,168.0,ale_1_1
