,precision,recall,f1-score,support,modelo
0,1.0,0.7655502392344498,0.8672086720867208,418.0,ale_5_1
1,0.4673913043478261,1.0,0.6370370370370371,86.0,ale_5_1
accuracy,0.8055555555555556,0.8055555555555556,0.8055555555555556,0.8055555555555556,ale_5_1
macro avg,0.7336956521739131,0.8827751196172249,0.752122854561879,504.0,ale_5_1
weighted avg,0.9091183574879227,0.8055555555555556,0.8279333534076081,504.0,ale_5_1
