,precision,recall,f1-score,support,modelo,tempo
0,0.9969156956819739,0.8809812235009086,0.9353697749196141,3302.0,ale_5_1,2642.476496219635
1,0.6323666978484564,0.9868613138686131,0.7708095781071835,685.0,ale_5_1,2642.476496219635
accuracy,0.8991723100075244,0.8991723100075244,0.8991723100075244,0.8991723100075244,ale_5_1,2642.476496219635
macro avg,0.8146411967652152,0.9339212686847609,0.8530896765133988,3987.0,ale_5_1,2642.476496219635
weighted avg,0.9342831239448384,0.8991723100075244,0.9070969545492819,3987.0,ale_5_1,2642.476496219635
