,precision,recall,f1-score,support,modelo
0,0.9878048780487805,0.30451127819548873,0.46551724137931044,266.0,hn_1_1
1,0.6021505376344086,0.99644128113879,0.7506702412868632,281.0,hn_1_1
accuracy,0.659963436928702,0.659963436928702,0.659963436928702,0.659963436928702,hn_1_1
macro avg,0.7949777078415945,0.6504762796671394,0.6080937413330868,547.0,hn_1_1
weighted avg,0.7896899426622385,0.659963436928702,0.6120035173830075,547.0,hn_1_1
