,precision,recall,f1-score,support,modelo,tempo
0,0.9564766839378238,0.8342874359746911,0.8912133891213389,3319.0,hn_5_1,2648.959814786911
1,0.49633699633699635,0.811377245508982,0.6159090909090909,668.0,hn_5_1,2648.959814786911
accuracy,0.8304489591171307,0.8304489591171307,0.8304489591171307,0.8304489591171307,hn_5_1,2648.959814786911
macro avg,0.7264068401374101,0.8228323407418365,0.7535612400152149,3987.0,hn_5_1,2648.959814786911
weighted avg,0.8793828009889018,0.8304489591171307,0.8450876627090536,3987.0,hn_5_1,2648.959814786911
