,precision,recall,f1-score,support,modelo,tempo
0,0.942457231726283,0.9154078549848943,0.9287356321839081,662.0,ale_1_1,890.5429136753082
1,0.9183673469387755,0.9445277361319341,0.9312638580931265,667.0,ale_1_1,890.5429136753082
accuracy,0.9300225733634312,0.9300225733634312,0.9300225733634312,0.9300225733634312,ale_1_1,890.5429136753082
macro avg,0.9304122893325293,0.9299677955584142,0.9299997451385174,1329.0,ale_1_1,890.5429136753082
weighted avg,0.930366973522169,0.9300225733634312,0.9300045010187077,1329.0,ale_1_1,890.5429136753082
