,precision,recall,f1-score,support,modelo,tempo
0,0.5587392550143266,0.9,0.6894519740718916,650.0,hn_1_1,900.2695732116699
1,0.7695035460992907,0.31958762886597936,0.45161290322580644,679.0,hn_1_1,900.2695732116699
accuracy,0.6034612490594432,0.6034612490594432,0.6034612490594432,0.6034612490594432,hn_1_1,900.2695732116699
macro avg,0.6641214005568087,0.6097938144329897,0.5705324386488491,1329.0,hn_1_1,900.2695732116699
weighted avg,0.6664209357116108,0.6034612490594432,0.5679375052197533,1329.0,hn_1_1,900.2695732116699
