,precision,recall,f1-score,support,modelo,tempo
0,0.9582366589327146,0.746610424826755,0.8392887383573243,3319.0,hn_5_1,2655.919296979904
1,0.3997144896502498,0.8383233532934131,0.541324311261479,668.0,hn_5_1,2655.919296979904
accuracy,0.7619764233759719,0.7619764233759719,0.7619764233759719,0.7619764233759719,hn_5_1,2655.919296979904
macro avg,0.6789755742914823,0.7924668890600841,0.6903065248094016,3987.0,hn_5_1,2655.919296979904
weighted avg,0.8646593303446317,0.7619764233759719,0.7893664315351461,3987.0,hn_5_1,2655.919296979904
