,precision,recall,f1-score,support,modelo,tempo
0,0.9462209302325582,0.9833836858006042,0.9644444444444444,662.0,ale_1_1,1017.8204982280731
1,0.982839313572543,0.9445277361319341,0.9633027522935781,667.0,ale_1_1,1017.8204982280731
accuracy,0.963882618510158,0.963882618510158,0.963882618510158,0.963882618510158,ale_1_1,1017.8204982280731
macro avg,0.9645301219025506,0.9639557109662691,0.9638735983690112,1329.0,ale_1_1,1017.8204982280731
weighted avg,0.9645990052421668,0.963882618510158,0.9638714507163573,1329.0,ale_1_1,1017.8204982280731
