,precision,recall,f1-score,support,modelo,tempo
0,0.6878238341968912,0.816923076923077,0.7468354430379747,650.0,hn_1_1,1037.7518389225006
1,0.7863554757630161,0.6450662739322534,0.7087378640776699,679.0,hn_1_1,1037.7518389225006
accuracy,0.7291196388261851,0.7291196388261851,0.7291196388261851,0.7291196388261851,hn_1_1,1037.7518389225006
macro avg,0.7370896549799537,0.7309946754276652,0.7277866535578223,1329.0,hn_1_1,1037.7518389225006
weighted avg,0.738164680414648,0.7291196388261851,0.7273709914848919,1329.0,hn_1_1,1037.7518389225006
