,precision,recall,f1-score,support,modelo
0,0.0,0.0,0.0,89.0,hn_1_1
1,0.5027932960893855,1.0,0.6691449814126395,90.0,hn_1_1
accuracy,0.5027932960893855,0.5027932960893855,0.5027932960893855,0.5027932960893855,hn_1_1
macro avg,0.25139664804469275,0.5,0.3345724907063197,179.0,hn_1_1
weighted avg,0.2528010985924285,0.5027932960893855,0.33644161076613155,179.0,hn_1_1
