,precision,recall,f1-score,support,modelo,tempo
0,1.0,0.3509993943064809,0.5196144362250616,3302.0,ale_5_1,3010.3565306663513
1,0.24222065063649223,1.0,0.38998007401081697,685.0,ale_5_1,3010.3565306663513
accuracy,0.4625031351893654,0.4625031351893654,0.4625031351893654,0.4625031351893654,ale_5_1,3010.3565306663513
macro avg,0.6211103253182462,0.6754996971532404,0.45479725511793934,3987.0,ale_5_1,3010.3565306663513
weighted avg,0.8698071596904934,0.4625031351893654,0.4973421668203068,3987.0,ale_5_1,3010.3565306663513
