,precision,recall,f1-score,support,modelo,tempo
0,1.0,0.04153846153846154,0.07976366322008863,650.0,hn_1_1,1037.7518389225006
1,0.521505376344086,1.0,0.6855123674911661,679.0,hn_1_1,1037.7518389225006
accuracy,0.5312264860797592,0.5312264860797592,0.5312264860797592,0.5312264860797592,hn_1_1,1037.7518389225006
macro avg,0.760752688172043,0.5207692307692308,0.38263801535562736,1329.0,hn_1_1,1037.7518389225006
weighted avg,0.7555320922028851,0.5312264860797592,0.3892470117528663,1329.0,hn_1_1,1037.7518389225006
