,precision,recall,f1-score,support,modelo,tempo
0,0.9966442953020134,0.17896956914733353,0.30344827586206896,3319.0,hn_5_1,3045.30695772171
1,0.19640224122677677,0.9970059880239521,0.328159645232816,668.0,hn_5_1,3045.30695772171
accuracy,0.3160270880361174,0.3160270880361174,0.3160270880361174,0.3160270880361174,hn_5_1,3045.30695772171
macro avg,0.5965232682643951,0.5879877785856429,0.3158039605474425,3987.0,hn_5_1,3045.30695772171
weighted avg,0.8625681247170477,0.3160270880361174,0.30758853037414796,3987.0,hn_5_1,3045.30695772171
