,precision,recall,f1-score,support,modelo,tempo
0,0.9982363315696648,0.8549848942598187,0.9210740439381611,662.0,ale_1_1,887.6965968608856
1,0.8740157480314961,0.9985007496251874,0.9321203638908327,667.0,ale_1_1,887.6965968608856
accuracy,0.927012791572611,0.927012791572611,0.927012791572611,0.927012791572611,ale_1_1,887.6965968608856
macro avg,0.9361260398005804,0.9267428219425031,0.926597203914497,1329.0,ale_1_1,887.6965968608856
weighted avg,0.9358923667690942,0.927012791572611,0.9266179832974026,1329.0,ale_1_1,887.6965968608856
