,precision,recall,f1-score,support,modelo,tempo
0,0.9969666329625885,0.8958207147183526,0.9436911788163981,3302.0,ale_5_1,2633.7356560230255
1,0.6627450980392157,0.9868613138686131,0.7929618768328446,685.0,ale_5_1,2633.7356560230255
accuracy,0.9114622523200401,0.9114622523200401,0.9114622523200401,0.9114622523200401,ale_5_1,2633.7356560230255
macro avg,0.8298558655009021,0.9413410142934828,0.8683265278246213,3987.0,ale_5_1,2633.7356560230255
weighted avg,0.9395445734134261,0.9114622523200401,0.9177946220421983,3987.0,ale_5_1,2633.7356560230255
