,precision,recall,f1-score,support,modelo,tempo
0,0.9741156169111302,0.6803253992166315,0.8011353556856484,3319.0,hn_5_1,2648.959814786911
1,0.36428999400838824,0.9101796407185628,0.5203252032520326,668.0,hn_5_1,2648.959814786911
accuracy,0.7188362177075496,0.7188362177075496,0.7188362177075496,0.7188362177075496,hn_5_1,2648.959814786911
macro avg,0.6692028054597592,0.7952525199675972,0.6607302794688406,3987.0,hn_5_1,2648.959814786911
weighted avg,0.8719426758278517,0.7188362177075496,0.7540871535723663,3987.0,hn_5_1,2648.959814786911
