,precision,recall,f1-score,support,modelo,tempo
0,0.99648,0.9430648092065415,0.9690368756807219,3302.0,ale_5_1,2633.7356560230255
1,0.7819025522041764,0.983941605839416,0.8713639301874596,685.0,ale_5_1,2633.7356560230255
accuracy,0.9500877853022323,0.9500877853022323,0.9500877853022323,0.9500877853022323,ale_5_1,2633.7356560230255
macro avg,0.8891912761020881,0.9635032075229788,0.9202004029340908,3987.0,ale_5_1,2633.7356560230255
weighted avg,0.9596137969049061,0.9500877853022323,0.9522558454166424,3987.0,ale_5_1,2633.7356560230255
