,precision,recall,f1-score,support,modelo,tempo
0,0.9708629062383265,0.783067188912323,0.8669112741827885,3319.0,hn_5_1,2648.959814786911
1,0.45038167938931295,0.8832335329341318,0.596562184024267,668.0,hn_5_1,2648.959814786911
accuracy,0.799849510910459,0.799849510910459,0.799849510910459,0.799849510910459,hn_5_1,2648.959814786911
macro avg,0.7106222928138197,0.8331503609232274,0.7317367291035277,3987.0,hn_5_1,2648.959814786911
weighted avg,0.8836591290787728,0.799849510910459,0.8216157657238237,3987.0,hn_5_1,2648.959814786911
