,precision,recall,f1-score,support,modelo
0,0.9578571428571429,0.991130820399113,0.9742099527787867,1353.0,ale_5_1
1,0.95,0.794425087108014,0.8652751423149906,287.0,ale_5_1
accuracy,0.9567073170731707,0.9567073170731707,0.9567073170731707,0.9567073170731707,ale_5_1
macro avg,0.9539285714285715,0.8927779537535635,0.9197425475468887,1640.0,ale_5_1
weighted avg,0.956482142857143,0.9567073170731707,0.9551463609476224,1640.0,ale_5_1
