,precision,recall,f1-score,support,modelo
0,0.7163323782234957,0.9398496240601504,0.8130081300813009,266.0,hn_1_1
1,0.9191919191919192,0.6476868327402135,0.7599164926931107,281.0,hn_1_1
accuracy,0.7897623400365631,0.7897623400365631,0.7897623400365631,0.7897623400365631,hn_1_1
macro avg,0.8177621487077075,0.7937682284001819,0.7864623113872058,547.0,hn_1_1
weighted avg,0.8205435866551722,0.7897623400365631,0.785734363891024,547.0,hn_1_1
