,precision,recall,f1-score,support,modelo
0,0.8426829268292683,1.0,0.9146260754467239,1382.0,hn_5_1
1,0.0,0.0,0.0,258.0,hn_5_1
accuracy,0.8426829268292683,0.8426829268292683,0.8426829268292683,0.8426829268292683,hn_5_1
macro avg,0.42134146341463413,0.5,0.45731303772336196,1640.0,hn_5_1
weighted avg,0.7101145151695419,0.8426829268292683,0.7707397782118124,1640.0,hn_5_1
