,precision,recall,f1-score,support,modelo,tempo
0,0.7838312829525483,0.6861538461538461,0.7317473338802297,650.0,hn_1_1,900.2695732116699
1,0.7315789473684211,0.8188512518409425,0.7727588603196665,679.0,hn_1_1,900.2695732116699
accuracy,0.7539503386004515,0.7539503386004515,0.7539503386004515,0.7539503386004515,hn_1_1,900.2695732116699
macro avg,0.7577051151604848,0.7525025489973943,0.7522530970999481,1329.0,hn_1_1,900.2695732116699
weighted avg,0.7571350181958724,0.7539503386004515,0.7527005516773536,1329.0,hn_1_1,900.2695732116699
