,precision,recall,f1-score,support,modelo,tempo
0,0.9061692969870875,0.9514914130762278,0.9282774838330393,3319.0,hn_5_1,2655.919296979904
1,0.6792828685258964,0.5104790419161677,0.5829059829059828,668.0,hn_5_1,2655.919296979904
accuracy,0.8776022071733133,0.8776022071733133,0.8776022071733133,0.8776022071733133,hn_5_1,2655.919296979904
macro avg,0.7927260827564919,0.7309852274961977,0.755591733369511,3987.0,hn_5_1,2655.919296979904
weighted avg,0.8681557193066071,0.8776022071733133,0.8704123815959504,3987.0,hn_5_1,2655.919296979904
