,precision,recall,f1-score,support,modelo,tempo
0,0.6175637393767706,0.9879154078549849,0.7600232423009877,662.0,ale_1_1,0.15600109100341797
1,0.9703703703703703,0.39280359820089955,0.5592315901814301,667.0,ale_1_1,0.15600109100341797
accuracy,0.6892400300978179,0.6892400300978179,0.6892400300978179,0.6892400300978179,ale_1_1,0.15600109100341797
macro avg,0.7939670548735704,0.6903595030279422,0.6596274162412089,1329.0,ale_1_1,0.15600109100341797
weighted avg,0.7946307242320987,0.6892400300978179,0.6592497043297726,1329.0,ale_1_1,0.15600109100341797
