,precision,recall,f1-score,support,modelo,tempo
0,1.0,0.38431253785584496,0.5552395537081601,3302.0,ale_5_1,3010.3565306663513
1,0.25202354672553345,1.0,0.4025859535703791,685.0,ale_5_1,3010.3565306663513
accuracy,0.49009280160521695,0.49009280160521695,0.49009280160521695,0.49009280160521695,ale_5_1,3010.3565306663513
macro avg,0.6260117733627667,0.6921562689279225,0.4789127536392696,3987.0,ale_5_1,3010.3565306663513
weighted avg,0.8714913793596666,0.49009280160521695,0.5290123863907836,3987.0,ale_5_1,3010.3565306663513
