,precision,recall,f1-score,support,modelo
0,1.0,0.7583732057416268,0.8625850340136054,418.0,ale_5_1
1,0.45989304812834225,1.0,0.63003663003663,86.0,ale_5_1
accuracy,0.7996031746031746,0.7996031746031746,0.7996031746031746,0.7996031746031746,ale_5_1
macro avg,0.7299465240641712,0.8791866028708134,0.7463108320251177,504.0,ale_5_1
weighted avg,0.9078388931330108,0.7996031746031746,0.8229041555572167,504.0,ale_5_1
