,precision,recall,f1-score,support,modelo,tempo
0,0.9960745829244357,0.922168382798304,0.957697751218745,3302.0,ale_5_1,2642.476496219635
1,0.7236559139784946,0.9824817518248176,0.83343653250774,685.0,ale_5_1,2642.476496219635
accuracy,0.9325307248557813,0.9325307248557813,0.9325307248557813,0.9325307248557813,ale_5_1,2642.476496219635
macro avg,0.8598652484514652,0.9523250673115609,0.8955671418632425,3987.0,ale_5_1,2642.476496219635
weighted avg,0.9492707734867709,0.9325307248557813,0.936348632879884,3987.0,ale_5_1,2642.476496219635
