,precision,recall,f1-score,support,modelo
0,1.0,0.3974358974358974,0.5688073394495413,78.0,ale_1_1
1,0.6824324324324325,1.0,0.8112449799196787,101.0,ale_1_1
accuracy,0.7374301675977654,0.7374301675977654,0.7374301675977654,0.7374301675977654,ale_1_1
macro avg,0.8412162162162162,0.6987179487179487,0.69002615968461,179.0,ale_1_1
weighted avg,0.8208138305903669,0.7374301675977654,0.7056017622846468,179.0,ale_1_1
