,precision,recall,f1-score,support,modelo,tempo
0,0.9738872403560831,0.9939430648092066,0.9838129496402878,3302.0,ale_5_1,5393.620386362076
1,0.9675850891410048,0.8715328467153285,0.9170506912442397,685.0,ale_5_1,5393.620386362076
accuracy,0.9729119638826185,0.9729119638826185,0.9729119638826185,0.9729119638826185,ale_5_1,5393.620386362076
macro avg,0.970736164748544,0.9327379557622675,0.9504318204422637,3987.0,ale_5_1,5393.620386362076
weighted avg,0.9728044779827878,0.9729119638826185,0.9723426343653209,3987.0,ale_5_1,5393.620386362076
