,precision,recall,f1-score,support,modelo,tempo
0,0.6772228989037758,0.8553846153846154,0.7559483344663493,650.0,hn_1_1,1822.9954743385315
1,0.8149606299212598,0.6097201767304861,0.6975568660488628,679.0,hn_1_1,1822.9954743385315
accuracy,0.7298720842738902,0.7298720842738902,0.7298720842738902,0.7298720842738902,hn_1_1,1822.9954743385315
macro avg,0.7460917644125178,0.7325523960575507,0.7267526002576061,1329.0,hn_1_1,1822.9954743385315
weighted avg,0.7475945462783972,0.7298720842738902,0.7261155225359706,1329.0,hn_1_1,1822.9954743385315
