,precision,recall,f1-score,support,modelo,tempo
0,0.32367972742759793,0.2923076923076923,0.307194826192401,650.0,hn_1_1,6.814995765686035
1,0.38005390835579517,0.41531664212076586,0.39690358902181566,679.0,hn_1_1,6.814995765686035
accuracy,0.3551542513167795,0.3551542513167795,0.3551542513167795,0.3551542513167795,hn_1_1,6.814995765686035
macro avg,0.35186681789169655,0.3538121672142291,0.35204920760710834,1329.0,hn_1_1,6.814995765686035
weighted avg,0.35248188608090564,0.3551542513167795,0.3530279713851569,1329.0,hn_1_1,6.814995765686035
