,precision,recall,f1-score,support,modelo,tempo
0,0.8144007155635062,0.5486592347092498,0.6556255625562557,3319.0,hn_5_1,14.452998876571655
1,0.14448886350656767,0.3787425149700599,0.20917734601074822,668.0,hn_5_1,14.452998876571655
accuracy,0.5201906195134186,0.5201906195134186,0.5201906195134186,0.5201906195134186,hn_5_1,14.452998876571655
macro avg,0.47944478953503694,0.46370087483965483,0.43240145428350196,3987.0,hn_5_1,14.452998876571655
weighted avg,0.7021606560766653,0.5201906195134186,0.5808256105491328,3987.0,hn_5_1,14.452998876571655
