,precision,recall,f1-score,support,modelo
0,0.9923469387755102,0.790650406504065,0.8800904977375567,492.0,ale_5_1
1,0.47715736040609136,0.9690721649484536,0.6394557823129251,97.0,ale_5_1
accuracy,0.8200339558573854,0.8200339558573854,0.8200339558573854,0.8200339558573854,ale_5_1
macro avg,0.7347521495908007,0.8798612857262593,0.7597731400252409,589.0,ale_5_1
weighted avg,0.9075024751051646,0.8200339558573854,0.8404613510547225,589.0,ale_5_1
