,precision,recall,f1-score,support,modelo
0,1.0,0.696969696969697,0.8214285714285715,99.0,ale_1_1
1,0.7637795275590551,1.0,0.8660714285714286,97.0,ale_1_1
accuracy,0.8469387755102041,0.8469387755102041,0.8469387755102041,0.8469387755102041,ale_1_1
macro avg,0.8818897637795275,0.8484848484848485,0.84375,196.0,ale_1_1
weighted avg,0.8830949702715731,0.8469387755102041,0.8435222303206998,196.0,ale_1_1
