,precision,recall,f1-score,support,modelo,tempo
0,0.8694638694638694,0.5738461538461539,0.6913809082483782,650.0,hn_1_1,897.1855988502502
1,0.6922222222222222,0.9175257731958762,0.7891070297656744,679.0,hn_1_1,897.1855988502502
accuracy,0.7494356659142212,0.7494356659142212,0.7494356659142212,0.7494356659142212,hn_1_1,897.1855988502502
macro avg,0.7808430458430458,0.7456859635210151,0.7402439690070263,1329.0,hn_1_1,897.1855988502502
weighted avg,0.7789092581191904,0.7494356659142212,0.7413102058482609,1329.0,hn_1_1,897.1855988502502
