,precision,recall,f1-score,support,modelo,tempo
0,0.5357142857142857,0.9969788519637462,0.6969376979936641,662.0,ale_1_1,6.8325347900390625
1,0.979381443298969,0.1424287856071964,0.2486910994764398,667.0,ale_1_1,6.8325347900390625
accuracy,0.5680963130173062,0.5680963130173062,0.5680963130173062,0.5680963130173062,ale_1_1,6.8325347900390625
macro avg,0.7575478645066274,0.5697038187854713,0.47281439873505193,1329.0,ale_1_1,6.8325347900390625
weighted avg,0.7583824528391794,0.5680963130173062,0.4719711959537931,1329.0,ale_1_1,6.8325347900390625
