,precision,recall,f1-score,support,modelo
0,0.9873817034700315,0.663135593220339,0.7934093789607097,472.0,hn_5_1
1,0.41544117647058826,0.9658119658119658,0.5809768637532134,117.0,hn_5_1
accuracy,0.7232597623089984,0.7232597623089984,0.7232597623089984,0.7232597623089984,hn_5_1
macro avg,0.7014114399703099,0.8144737795161524,0.6871931213569615,589.0,hn_5_1
weighted avg,0.8737704273088518,0.7232597623089984,0.7512114090468267,589.0,hn_5_1
