,precision,recall,f1-score,support,modelo,tempo
0,0.9747549747549747,0.9939430648092066,0.9842555105713001,3302.0,ale_5_1,2633.7356560230255
1,0.967741935483871,0.8759124087591241,0.9195402298850575,685.0,ale_5_1,2633.7356560230255
accuracy,0.9736644093303235,0.9736644093303235,0.9736644093303235,0.9736644093303235,ale_5_1,2633.7356560230255
macro avg,0.9712484551194229,0.9349277367841653,0.9518978702281788,3987.0,ale_5_1,2633.7356560230255
weighted avg,0.9735500758583843,0.9736644093303235,0.9731368832148727,3987.0,ale_5_1,2633.7356560230255
