,precision,recall,f1-score,support,modelo,tempo
0,0.9197183098591549,0.986404833836858,0.9518950437317784,662.0,ale_1_1,887.6965968608856
1,0.9854604200323102,0.9145427286356822,0.9486780715396579,667.0,ale_1_1,887.6965968608856
accuracy,0.9503386004514672,0.9503386004514672,0.9503386004514672,0.9503386004514672,ale_1_1,887.6965968608856
macro avg,0.9525893649457325,0.95047378123627,0.9502865576357181,1329.0,ale_1_1,887.6965968608856
weighted avg,0.9527130333245384,0.9503386004514672,0.9502805061455147,1329.0,ale_1_1,887.6965968608856
