,precision,recall,f1-score,support,modelo,tempo
0,0.8958737191913597,0.9746911720397711,0.9336219336219337,3319.0,hn_5_1,2648.959814786911
1,0.776595744680851,0.437125748502994,0.5593869731800767,668.0,hn_5_1,2648.959814786911
accuracy,0.8846250313518936,0.8846250313518936,0.8846250313518936,0.8846250313518936,hn_5_1,2648.959814786911
macro avg,0.8362347319361054,0.7059084602713825,0.7465044534010052,3987.0,hn_5_1,2648.959814786911
weighted avg,0.8758893482425211,0.8846250313518936,0.870920916923875,3987.0,hn_5_1,2648.959814786911
