,precision,recall,f1-score,support,modelo,tempo
0,0.5,0.0015384615384615385,0.0030674846625766876,650.0,hn_1_1,6.814995765686035
1,0.5109269027882442,0.9985272459499264,0.6759720837487536,679.0,hn_1_1,6.814995765686035
accuracy,0.510910458991723,0.510910458991723,0.510910458991723,0.510910458991723,hn_1_1,6.814995765686035
macro avg,0.5054634513941221,0.5000328537441939,0.33951978420566514,1329.0,hn_1_1,6.814995765686035
weighted avg,0.5055826689188998,0.510910458991723,0.34686148223933677,1329.0,hn_1_1,6.814995765686035
