,precision,recall,f1-score,support,modelo,tempo
0,0.9983443708609272,0.9108761329305136,0.95260663507109,662.0,ale_1_1,887.6965968608856
1,0.9186206896551724,0.9985007496251874,0.9568965517241379,667.0,ale_1_1,887.6965968608856
accuracy,0.9548532731376975,0.9548532731376975,0.9548532731376975,0.9548532731376975,ale_1_1,887.6965968608856
macro avg,0.9584825302580497,0.9546884412778505,0.954751593397614,1329.0,ale_1_1,887.6965968608856
weighted avg,0.958332560955556,0.9548532731376975,0.9547596632182556,1329.0,ale_1_1,887.6965968608856
