,precision,recall,f1-score,support,modelo,tempo
0,0.9567549446865572,0.8598975595058752,0.9057442081878769,3319.0,hn_5_1,2648.959814786911
1,0.5368525896414342,0.8068862275449101,0.644736842105263,668.0,hn_5_1,2648.959814786911
accuracy,0.8510158013544018,0.8510158013544018,0.8510158013544018,0.8510158013544018,hn_5_1,2648.959814786911
macro avg,0.7468037671639958,0.8333918935253927,0.7752405251465699,3987.0,hn_5_1,2648.959814786911
weighted avg,0.8864026062942467,0.8510158013544018,0.8620138544022773,3987.0,hn_5_1,2648.959814786911
