,precision,recall,f1-score,support,modelo
0,0.9932126696832579,0.9977272727272727,0.9954648526077098,440.0,ale_5_1
1,0.9893617021276596,0.96875,0.9789473684210526,96.0,ale_5_1
accuracy,0.9925373134328358,0.9925373134328358,0.9925373134328358,0.9925373134328358,ale_5_1
macro avg,0.9912871859054588,0.9832386363636363,0.9872061105143812,536.0,ale_5_1
weighted avg,0.9925229441509119,0.9925373134328358,0.9925064972309949,536.0,ale_5_1
