,precision,recall,f1-score,support,modelo,tempo
0,1.0,0.061933534743202415,0.1166429587482219,662.0,ale_1_1,1017.8204982280731
1,0.5178571428571429,1.0,0.6823529411764707,667.0,ale_1_1,1017.8204982280731
accuracy,0.5327313769751693,0.5327313769751693,0.5327313769751693,0.5327313769751693,ale_1_1,1017.8204982280731
macro avg,0.7589285714285714,0.5309667673716012,0.39949794996234633,1329.0,ale_1_1,1017.8204982280731
weighted avg,0.7580216059335698,0.5327313769751693,0.40056211471484493,1329.0,ale_1_1,1017.8204982280731
