,precision,recall,f1-score,support,modelo,tempo
0,1.0,0.038461538461538464,0.07407407407407407,650.0,hn_1_1,1037.7518389225006
1,0.5207055214723927,1.0,0.6848209783156833,679.0,hn_1_1,1037.7518389225006
accuracy,0.5297215951843491,0.5297215951843491,0.5297215951843491,0.5297215951843491,hn_1_1,1037.7518389225006
macro avg,0.7603527607361964,0.5192307692307693,0.3794475261948787,1329.0,hn_1_1,1037.7518389225006
weighted avg,0.7551234379832616,0.5297215951843491,0.38611105524792866,1329.0,hn_1_1,1037.7518389225006
