,precision,recall,f1-score,support,modelo
0,0.8125,0.11206896551724138,0.196969696969697,116.0,hn_1_1
1,0.5381165919282511,0.975609756097561,0.6936416184971098,123.0,hn_1_1
accuracy,0.5564853556485355,0.5564853556485355,0.5564853556485355,0.5564853556485355,hn_1_1
macro avg,0.6753082959641256,0.5438393608074011,0.4453056577334034,239.0,hn_1_1
weighted avg,0.6712901289003134,0.5564853556485355,0.4525790959147672,239.0,hn_1_1
