,precision,recall,f1-score,support,modelo,tempo
0,0.8307291666666666,0.9637462235649547,0.8923076923076922,662.0,ale_1_1,890.5429136753082
1,0.9572192513368984,0.8050974512743628,0.8745928338762216,667.0,ale_1_1,890.5429136753082
accuracy,0.8841234010534236,0.8841234010534236,0.8841234010534236,0.8841234010534236,ale_1_1,890.5429136753082
macro avg,0.8939742090017826,0.8844218374196587,0.883450263091957,1329.0,ale_1_1,890.5429136753082
weighted avg,0.8942121512227573,0.8841234010534236,0.883416939430498,1329.0,ale_1_1,890.5429136753082
