,precision,recall,f1-score,support,modelo,tempo
0,0.4953775038520801,0.9892307692307692,0.6601642710472279,650.0,hn_1_1,900.2695732116699
1,0.7741935483870968,0.035346097201767304,0.0676056338028169,679.0,hn_1_1,900.2695732116699
accuracy,0.5018811136192626,0.5018811136192626,0.5018811136192626,0.5018811136192626,hn_1_1,900.2695732116699
macro avg,0.6347855261195885,0.5122884332162683,0.3638849524250224,1329.0,hn_1_1,900.2695732116699
weighted avg,0.6378275371397222,0.5018811136192626,0.3574198657131759,1329.0,hn_1_1,900.2695732116699
