,precision,recall,f1-score,support,modelo,tempo
0,0.9314173742651861,0.859294968363965,0.8939037768374862,3319.0,hn_5_1,2655.919296979904
1,0.49513513513513513,0.6856287425149701,0.5750156936597614,668.0,hn_5_1,2655.919296979904
accuracy,0.8301981439678957,0.8301981439678957,0.8301981439678957,0.8301981439678957,hn_5_1,2655.919296979904
macro avg,0.7132762547001607,0.7724618554394675,0.7344597352486237,3987.0,hn_5_1,2655.919296979904
weighted avg,0.858320676061305,0.8301981439678957,0.8404758261069318,3987.0,hn_5_1,2655.919296979904
