,precision,recall,f1-score,support,modelo,tempo
0,0.9972574562907096,0.8809812235009086,0.9355201800932627,3302.0,ale_5_1,2642.476496219635
1,0.6327102803738318,0.9883211678832117,0.7715099715099716,685.0,ale_5_1,2642.476496219635
accuracy,0.8994231251567595,0.8994231251567595,0.8994231251567595,0.8994231251567595,ale_5_1,2642.476496219635
macro avg,0.8149838683322708,0.9346511956920601,0.8535150758016171,3987.0,ale_5_1,2642.476496219635
weighted avg,0.9346251975741152,0.8994231251567595,0.9073418523080723,3987.0,ale_5_1,2642.476496219635
