,precision,recall,f1-score,support,modelo,tempo
0,0.9858970154148902,0.9103573591762568,0.9466225791213982,3302.0,ale_5_1,0.5869998931884766
1,0.6844349680170576,0.9372262773722628,0.7911275415896488,685.0,ale_5_1,0.5869998931884766
accuracy,0.9149736644093304,0.9149736644093304,0.9149736644093304,0.9149736644093304,ale_5_1,0.5869998931884766
macro avg,0.8351659917159739,0.9237918182742598,0.8688750603555235,3987.0,ale_5_1,0.5869998931884766
weighted avg,0.9341033102562457,0.9149736644093304,0.9199072290563748,3987.0,ale_5_1,0.5869998931884766
