,precision,recall,f1-score,support,modelo,tempo
0,0.14,0.010769230769230769,0.019999999999999997,650.0,hn_1_1,0.12901592254638672
1,0.49726348709929635,0.9366715758468336,0.6496424923391215,679.0,hn_1_1,0.12901592254638672
accuracy,0.48382242287434163,0.48382242287434163,0.48382242287434163,0.48382242287434163,hn_1_1,0.12901592254638672
macro avg,0.3186317435496482,0.47372040330803217,0.33482124616956077,1329.0,hn_1_1,0.12901592254638672
weighted avg,0.32252965217488505,0.48382242287434163,0.34169093476167306,1329.0,hn_1_1,0.12901592254638672
