loss,accuracy,val_loss,val_accuracy
0.11704208701848984,0.9589924812316895,0.05686613544821739,0.9777936935424805
0.0602358877658844,0.9791122674942017,0.07519183307886124,0.9756447076797485
0.05409141257405281,0.9840270280838013,0.07767686992883682,0.9749283790588379
