loss,accuracy,val_loss,val_accuracy
0.1674162745475769,0.9451612830162048,0.10763934999704361,0.9688506722450256
0.08889437466859818,0.9746543765068054,0.0831933319568634,0.97529536485672
0.057091131806373596,0.9806451797485352,0.07446327060461044,0.97529536485672
