loss,accuracy,val_loss,val_accuracy
0.6498391032218933,0.6244239807128906,0.5645555257797241,0.728249192237854
0.5533091425895691,0.7317972183227539,0.5097643136978149,0.7422126531600952
0.4515760540962219,0.7820276618003845,0.5008465051651001,0.7379162311553955
