,precision,recall,f1-score,support,modelo
0,0.9963369963369964,0.974910394265233,0.9855072463768116,279.0,ale_1_1
1,0.9744525547445255,0.996268656716418,0.985239852398524,268.0,ale_1_1
accuracy,0.9853747714808044,0.9853747714808044,0.9853747714808044,0.9853747714808044,ale_1_1
macro avg,0.9853947755407609,0.9855895254908255,0.9853735493876679,547.0,ale_1_1
weighted avg,0.9856148202002829,0.9853747714808044,0.9853762379925683,547.0,ale_1_1
